paper,title,datetime,writing,writer
중앙일보,"김정은 ""4년만에 방러, 북러관계 전략적 중요성 뚜렷이 표현""",2023.09.13. 오전 6:08,"			  김정은 북한 국무위원장이 12일 오전 러시아 국경도시 하산에 도착했다고 조선중앙통신이 공식 발표했다.      통신은 13일 ""조로(북러) 친선협조관계를 새로운 높이로 승화발전시키시기 위해"" 러시아를 공식방문하는 김 위원장이 탄 전용열차가 현지시간으로 12일 오전 6시 하산역 구내로 들어섰다고 보도했다.      알렉산드르 코즐로프 천연자원부 장관, 올레크 코제먀코 연해주 주지사를 비롯한 러시아 중앙과 지방의 간부들이 영접했다. 하산역에는 러시아 육해공군 명예위병대와 군악대가 정렬했고, 이어 김 위원장의 러시아 방문을 환영하는 의식이 치러졌다.      김정은 북한 국무위원장이 지난 12일 러시아 연해주 하산역에 도착해 알렉산드로 코즐로프 러시아 천연자원생태부 장관의 영접을 받고 있다. AP=연합뉴스       김 위원장은 영사 응접실에서 진행된 러시아 측과 환담에서 ""2019년에 이어 4년 만에 또다시 로씨야(러시아)를 방문하게 된 것을 기쁘게 생각한다""며 ""세계적인 공공보건사태 이후 첫 해외 방문으로 로씨야련방에로의 길에 오른 것은 조로관계의 전략적 중요성에 대한 우리 당과 정부의 중시 입장을 보여주는 뚜렷한 표현으로 된다""고 말했다.      김 위원장은 2019년 4월 블라디보스토크에서 블라디미르 푸틴 대통령과 첫 정상회담을 가진 바 있다.      러시아 중앙·지방 간부들은 김 위원장을 영접하기 위해 푸틴 대통령이 자신들을 직접 파견했다고 말했다.      김 위원장은 코즐로프 장관이 건넨 선물을 받고 러시아 간부들의 환송을 받으며 '방문지'로 출발했다고 통신은 덧붙였다.      매체에서는 이 방문지가 구체적으로 어디인지는 공개하진 않았지만, 푸틴 대통령과 대면 장소로 러시아 극동 아무르주에 있는 보스토치니 우주기지가 유력해지는 분위기다.      한편 통신이 발행한 사진을 보면 김정은 위원장의 방러 수행단에는 강순남 국방상도 포함된 것으로 파악됐다. 수행단에는 리병철 당 중앙군사위원회 부위원장과 박정천 당 군정지도부장 등 군부 실세들이 대거 포함됐다.      북러 간에 불법적인 무기거래 가능성이 제기되는 가운데 북한의 군부 실세들이 김 위원장을 수행하고 있어 주목된다.   ",정혜정 기자 jeong.hyejeong@joongang.co.kr
부산일보,"김기현, 자우림 김윤아 겨냥 ""개념 없는 개념연예인 많아""",2023.09.12. 오후 5:36,"국민의힘 김기현 대표가 12일 오후 서울 중구 한국관광공사에서 열린 사단법인 문화자유행동 창립기념 심포지엄 및 창립총회에서 축사하고 있다. 연합뉴스국민의힘 김기현 대표가 ""문화계 이권을 독점한 소수 특권 세력이 특정 정치·사회 세력과 결탁해 문화예술계를 선동의 전위대로 사용하는 일이 더 이상 반복돼선 안 된다""고 주장했다.12일 서울 중구 한국관광공사에서 열린 사단법인 문화자유행동 창립 기념 심포지엄에 참석한 김 대표는 축사를 통해 ""자유가 없는 문화는 죽어버린 문화""라며 이같이 밝혔다. 이어 ""부당한 권력에 저항하는 투사인 척하지만, 북한 인권이나 북한 주민들의 참혹한 상황에 입도 열지 않는다면 그것은 이율배반 아닐까""라고 말했다. 김 대표의 이날 발언은 최근 자우림 멤버 김윤아 씨가 지난달 24일 자신의 SNS에 'RIP(Rest In Peace) 地球(지구)'라는 문구와 물 순환 과정이 담긴 이미지 등을 올리고 후쿠시마 원전 오염수 방류를 비판한 것을 겨냥한 것으로 풀이된다.당시 김 씨는 인스타그램에 ""며칠 전부터 나는 분노에 휩싸여 있었다. 블레이드러너 + 4년에 영화적 디스토피아가 현실이 되기 시작한다. 방사능 비가 그치지 않아 빛도 들지 않는 영화 속 LA의 풍경. 오늘 같은 날 지옥에 대해 생각한다""고 썼다. 이어 엑스(X·옛 트위터)에는 ""중학교 과학, 물의 순환. 해양 오염의 문제는 생선과 김을 먹을 수 있느냐 없느냐에 국한되지 않는다. 생선을 앞세워 최악의 해양 오염 사태는 반찬 선택 범위의 문제로 한없이 작게 찌그러진다""면서 ""바다 숲을 이루는 바다 식물들이 방사능 폐수를 만난 뒤 어떻게 변화할지, 그 다음 지구 온난화의 문제가 어떤 방향으로 폭주하게 될지 생각하면 할수록 공포만 남는다""고 적었다.이를 두고 김 대표는 ""개념 연예인이라고 이야기하는데, 개념 없는 개념 연예인이 너무 많은 것 아닌가""라고 비판했다. 그는 ""왜 이런 일들이 벌어질까. 결국 따돌림, 낙인찍기, 이권 나눠 먹기 카르텔 때문 아닐까""라며 ""반복돼선 안 될 악습""이라고 강조했다.",성규환 기자(bastion@busan.com)
뉴시스,"AI사업단, 서울대 AI연구원·AI양재허브 등과 맞손",2023.09.13. 오후 2:13,"초거대 AI모델·서비스 개발 위한 컴퓨팅자원 확대 지원AI 관련 신규 사업·우수 기업 발굴 협력·공동 홍보 협력[광주=뉴시스] 송창헌 기자 = 13일 서울 양재 한국교총회관에서 김준하 인공지능산업융합사업단장(사진 오른쪽)이 장병탁 서울대 AI연구원장(가운데), 함종민 AI 양재 허브 센터장과 ‘AI데이터센터 서비스 자원 확대에 따른 AI 기업 활용 방안 모색을 위한 3자 업무협약’을 체결한 후 기념사진을 찍고 있다. (사진=AI사업단 제공) 2023.09.13 photo@newsis.com  *재판매 및 DB 금지[광주=뉴시스] 송창헌 기자 = 인공지능산업융합사업단(이하 AI사업단)이 오는 10월 인공지능(AI)데이터센터 개소를 앞두고 AI 기업 육성과 AI 산업생태계 활성화를 위해 국내 주요 AI 관련 단체와 힘을 모으기로 했다.AI사업단은 13일 서울대 AI연구원, AI 양재허브와 함께 서울 양재 한국교원단체총연합회관에서 'AI데이터센터 서비스 자원 확대에 따른 AI기업 활용방안 모색을 위한 3자 업무협약'을 체결했다.이어 한국인공지능협회, 한국SW산업협회, 지능정보산업협회, 한국지능형사물인터넷협회와 각각 협약식을 가졌다.이번 협약은 과학기술정보통신부, 광주시, 정보통신산업진흥원, 인공지능산업융합사업단이 추진하는 인공지능 중심 산업융합 집적단지 조성사업 중 하나인 AI데이터센터 서비스 지원사업의 일환으로, AI데이터센터 인프라를 활용한 AI기업의 서비스 개발·연구를 촉진하고 AI 산업 생태계 확대를 위해 마련됐다.협약 내용은 AI 관련 신규사업 기획과 과제 발굴 협력, 과제 공동 수행, 잠재력 우수한 AI기업 발굴, 사업과 행사에 대한 공동 홍보 등이다. AI사업단은 협약식 후 AI 관련 기업 50여 개가 참여한 가운데 AI데이터센터 서비스 이용자 모집을 위한 사전설명회도 가졌다.AI사업단은 AI데이터센터 개소 이후 올 하반기부터는 엔비디아의 최신 성능 가속기 등 AI 모델을 개발·연구할 수 있는 컴퓨팅 자원의 규모를 대폭 확대 제공할 예정이다.또 내년 상반기부터 AI데이터센터에서 HPC(초고성능 컴퓨팅 자원) 20페타플롭스(PF)를 포함한 컴퓨팅 연산능력 88.5페타플롭스(PF), 저장용량 107페타바이트(PB) 규모의 컴퓨팅 자원 전체가 가동된다고 밝혔다.김준하 단장은 ""AI데이터센터에서는 초거대 AI 모델을 개발할 수 있는 초고성능 컴퓨팅 자원을 제공하고, AI 기업들이 AI서비스 연구개발을 할 수 있도록 데이터서비스 자원을 대폭 확대 제공할 방침""이라며 ""광주 AI데이터센터를 기반으로 성장가능성이 큰 기업들이 제품과 서비스 개발에 적극 나설 것으로 기대된다""고 밝혔다.",송창헌 기자(goodchang@newsis.com)
세계일보,우럭·멍게·전복 등…매주 수요일은 공무원 ‘수산물 먹는 날’,2023.09.12. 오후 2:16,"세종·서울·과천·대전 정부청사 구내식당 17곳서 중식 제공‘수(水)요일엔 우리 수(水)산물 먹는 날’ 행사     12일 서울 종로구 정부서울청사 구내식당에 '수요일에는 우리 수(水)산물 먹는 날' 문구가 게시되어 있다. 행정안전부 정부청사관리본부는는 후쿠시마 오염수 방류로 인한 소비 위축으로 위기를 겪는 국내 수산업계를 지원하기 위해 구내식당에 한 달간 매주 수요일 마다 수산물을 먹는 수산물 특식 행사를 진행한다. 뉴시스    공무원들이 오는 13일부터 한 달간 매주 수요일마다 수산물 점심 식사를 하게 된다.     행정안전부 정부청사관리본부는 '수(水)요일엔 우리 수(水)산물 먹는 날' 행사를 진행한다고 12일 밝혔다.     이 행사는 일본 후쿠시마 원전 오염수 방류로 침체된 수산 업계를 돕고 국내 수산물 소비를 장려하기 위해 기획됐다.     13일부터 4주간 매주 수요일에 세종·서울·과천·대전 정부청사 4곳 내 운영되는 총 17개 구내식당에서 수산물 메뉴로 된 중식을 제공한다.     수산물은 우럭, 멍게, 전복, 꽃게, 장어, 고등어 등으로 구성한다. 이는 해양수산부가 식품의약품안전처, 지방자치단체와 함께 방사능 수치 검사를 실시해 적합 판정을 받은 것들로 시중에 유통되는 일반 수산물과 동일하다.     수산물 메뉴로는 젊은 층이 선호하는 푸팟퐁커리·해물파스타 등과 중·장년층이 즐기는 오징어물회·멍게비빔밥 등으로 다양하게 준비해 입주 직원들의 참여를 유도할 계획이다.     이번 행사가 진행되는 청사 4곳에는 소속기관을 포함해 총 74개 기관 3만5000여 명의 직원들이 입주해 있다. 하루 평균 중식 수가 7000식수가 넘는 만큼 행사 기간 동안 약 3t(톤) 내외의 국내산 수산물을 소비할 수 있을 것이란 게 청사관리본부 측 추산이다.     최훈 행안부 정부청사관리본부장은 ""이번 행사를 통해 입주 직원을 포함한 우리 국민이 우리 수산물을 안심하고 먹을 수 있는 계기가 되고 수산업계에 도움이 되길 바란다""고 말했다.     한편 행안부는 지난 6일 개최한 '제8회 중앙지방정책협의회'에서 수산물 소비 활성화를 위해 지자체 구내식당에서 국내산 수산물 이용을 확대해 줄 것을 요청한 바 있다．",김경호 기자 stillcut@segye.com
디지털타임스,"""北서 온 쓰레기"" 폭언 항의 눈감던 이재명…태영호 ""단식걱정했더니 뒷말 조롱에 징계?""",2023.09.12. 오후 3:51,"野 ""단식장서 행패"" 징계 엄포…太 ""'쓰레기, 빨갱이' 막말에 악마화 꼼수뿐""""눈앞서 찍소리 못한 明, 끌려나가자 '저래도 못 살아' 비아냥, 의원들 맞장구""""탈북민에 '쓰레기' 北정권 언어 써놓고 반성없어""…與 ""단식장 성역인양 린치""국회 대정부질문 도중 더불어민주당 소속 의원들의 ""북한에서 '쓰레기'가 왔어""(박영순 의원) 등 막말에 항의하려 닷새 전 이재명 당대표의 단식농성장을 항의방문한 '탈북 고위급 출신' 태영호 국민의힘 의원에 대해 12일 민주당은 오히려 국회 윤리위 징계 추진을 예고했다. 북한인권재단 이사 추천 7년간 비협조 등 북한인권법 사문화 비판에 '탈북민 비하'로 맞받았다는 논란을 소모적 정쟁으로 벗어나려는 모양새다.태영호 의원은 이에 ""앞에선 찍소리도 못하고""라며 ""이재명 대표와 민주당의 적반하장, 후안무치한 행태에 할말이 없다""고 입장문을 냈다. 태 의원은 ""요 며칠 사이 민주당은 '쓰레기'라는 막말로 수세에 몰리자, 이를 뒤집어 보기 위해 '제가 단식 중인 이재명 대표를 막무가내로 찾아가서 행패를 부리며 소란을 피우고 갔다'는 무뢰배 프레임을 씌우기에만 급급하다""며 ""자신들의 막말과 잘못된 행동에 대한 반성은 전혀 찾아볼 수 없다""고 비판했다.이재명 더불어민주당 대표가 '쌍방울 그룹 대북 송금' 의혹 관련 피의자 신분으로 조사를 받기 위해 12일 오후 경기도 수원시 영통구 수원지방검찰청으로 출석하고 있다.<공동취재·연합뉴스>    그는 ""지난 6일 대정부질의에서도 민주당 의원들은 질의자로 나선 본인에게 '북한에서 쓰레기가 왔어' '빨갱이' '부역자' 등 차마 입에 담을 수 없는 막말을 퍼부어 이에 '말 조심해'라고 항의하는 저에게 오히려 손가락질을 했다며 고성을 질렀다""면서 ""상대방을 악마화해 위기에서 벗어나 보려는 꼼수만 가득하다""고 지적했다. 이어 ""저에게 막말을 한 박영순 의원에 대한 징계와 제명은 당대표인 이 대표가 책임질 일""이라며 ""사전에 방문을 알렸다""고 밝혔다.태 의원은 ""'단식 중이니 만나서 입장문만 전달하고 가겠다'는 본인을 막아선 것도, 이 대표에게 말하는 저의 등을 밀고 팔을 잡아 폭력적으로 끌어낸 것도 민주당 의원들""이라며 ""이 대표는 비겁하게도 제 앞에서는 아무 말도 없이 눈만 감고 조용히 듣고 있다가 제가 끌려나가자마자 '엄청 억울했나보다', '저래도 (총선 공천에서) 못살아 남을 것 같은데'라며 비아냥댔다. 옆에 있던 민주당 의원들도 맞장구치며 조롱했다""고 분노를 표했다.특히 ""아무 말도 없던 이 대표를 보며 '단식으로 말할 힘도 없는 것 아닌지' 잠시나마 걱정한 제 자신이 무안해지는 순간이었다""며 ""오늘 저에 대한 민주당의 윤리위 징계는 민주당이 탈북민에 대해 퍼부은 '쓰레기'란 막말에 대해 반성할 생각이 전혀 없단 걸 뜻한다. '북한 당국의 탈북민에 대한 막말과 같은 언어'를 사용하고, 북한주민들을 위한 북한인권법을 7년 째 무력화하는 민주당과 이 대표는 역사의 심판을 피할 수 없을 것""이라고 경고했다.탈북 고위외교관 출신의 태영호(가운데) 국민의힘 의원이 지난 9월7일 단식 투쟁 중인 이재명 더불어민주당 대표의 국회 앞 천막에서 조정식 사무총장 등 민주당 의원들의 요구로 발걸음을 돌리고 있다. 태 의원은 그 전날 국회 대정부질문 도중 북한인권 외면 문제 질의를 들은 민주당 의원들의 ""북한에서 쓰레기가 왔어"" ""빨갱이"" ""부역자"" 등 원색 비난발언에 대한 응분의 조치를 이 대표에게 요구하고자 단식농성장을 찾았었다.<연합뉴스>    국민의힘 지도부에서 이날 강민국 수석대변인 논평을 통해 ""국회 본회의장에서 막말을 쏟아낸 건 괜찮고, 이에 항의하기 위해 이 대표를 찾아가면 대역죄인가. 이젠 하다 하다 단식쇼 중인 '당대표 심기 경호용' 징계안까지 제출한다는 민주당""이라며 ""태 의원이 도대체 어떤 행패를 부렸단 말인가. '박 의원의 막말에 당 차원에서 조치를 취해달라'는 의사를 전하러 간 태 의원을, 도리어 몰아세우고 밀쳐낸 건 민주당 의원들 아니냐""고 가세했다.강민국 수석대변인은 ""'쓰레기' 막말도 모자라 민주당 관련 인사들이 단체로 (북한 체제를 탈출한 인사에게) '공산주의자','빨갱이' 등 원색적인 욕설을 퍼부은 것이야말로 폭력, 집단린치다. 그도 모자라 단식쇼장이 마치 신성불가침 구역이라도 되는 듯 궤변을 늘어놓으며 징계를 운운하니, 절대왕정 시대에 왕을 모시며 심기 보좌를 하는 호위무사의 모습""이라며 ""이 대표 심기 보좌하기 전에 국민 심기부터 좀 살피시라""고 꼬집었다.아울러 민주당에 ""의정 활동 중에 코인 투기를 하며 국민 분노를 초래한 김남국 의원이나, 반국가 행위를 자행(일본 조총련 등 주최행사에 '남측 대표단'으로 참석한 사건)한 윤미향 의원에 대한 징계부터 처리하는 것이 순리일 것""이라고 '민주당 탈당·출당 무소속' 인사들의 비위 논란을 상기시켰다. 앞서 민주당에선 이날 김한규 원내대변인이 ""국민의힘에서 먼저 우리당 의원(박영순)을 상대로 징계안을 제출했다""며 ""실제 문제의 근원이 태 의원""이라고 징계 추진 이유를 들었다.송기헌 민주당 원내수석부대표는 이날 오전 원내대책회의에서 ""태 의원이 본회의장에서 제1야당을 적대세력으로 비난하고, 단식 중인 제1야당 (대표를) 찾아가 행패를 부리고 소란을 피우고 갔다""며 ""태 의원의 행태는 도저히 묵과할 수 없다. 우리 당은 징계를 추진하도록 하겠다""고 했다.태 의원은 6일 대정부질문 당시 ""북한 인권문제 가해자이자 폭압자, 김정은 편을 들면서 북한인권 문제만 나오면 입을 닫고 숨는 민주당은 '민주'라는 이름을 가질 자격도 없다""며 7년간 북한인권재단 이사추천 불발에 ""이런 것이 바로 공산 전체주의에 맹종하는 것""이라고 날을 세웠다.",한기호 기자(hkh89@dt.co.kr)
뉴스1,"홍준표 ""내가 독고다이? 같이 일하는 훌륭한 사람 주위에 많아""",2023.09.13. 오전 10:48,"""내가 특이한게 아니라 한국 정치가 비정상""홍준표 대구시장이 17일 오후 서울 여의도 국회에서 윤재옥 국민의힘 원내대표와 면담을 마친 뒤 취재진 질문을 받고 있다. 2023.7.17/뉴스1 ⓒ News1 자료 사진(대구=뉴스1) 남승렬 기자 = 홍준표 대구시장은 13일 ""내가 특이한게 아니라 지극히 정상인데 한국 정치판이 매우 비정상적으로 작동하니까, 내가 거꾸로 비정상으로 보이는 것""이라고 말했다.홍 시장은 이날 페이스북에 올린 글에서 ""독고다이가 아니라 무리지어 다니지 않는 것인데, 그걸 독고다이로 보는 것도 유감""이라며 ""같이 일하는 훌륭한 사람들이 주위에 참 많이 있다""고 했다.그러면서 ""여의도 정치 브로커는 차단하고 나라를 이끌어 갈만한 사람들을 중심으로 새로운 자문그룹도 이미 있다""며 ""제한된 정보로 일방적으로 매도하는 일은 그만 했으면 한다""고 덧붙였다.지난 대선 당시를 소환하면서 ""(대선 후보) 경선 출발 때 국민 지지율 4%에 불과하던 것을 두달 반만에 48.21%로 끌어 올렸던 힘이 아직도 있고, 그 팀도 여전히 있다""며 ""그 힘은 패거리정치에서 나오는 것이 아니라 국민들로부터 나오는 것""이라고 했다.그러면서 ""독고다이가 아니라 함께 가기에 힘이 있는 것""이라며 ""앞으로 좌우와 영호남, 남북이 하나되는 원코리아(ONE KOREA)를 위해 매진할 것""이라고 말했다.		",남승렬 기자 (pdnamsy@news1.kr)
세계일보,“건강 먼저” 당내 단식 중단 요구에도…‘단식 14일차’ 이재명 “아직 똘똘. 윤 정권 폭정 끝없어”,2023.09.13. 오후 1:12,"이 대표, 단식 계속 이어가겠다는 의사민주당 의원들, 이 대표의 건강 악화 우려 단식 중단해 줄 것을 간곡하게 요청    단식투쟁 14일차를 이어가고 있는 이재명 더불어민주당 대표가 13일 오전 서울 여의도 국회 당대표실에 앉아 있다. 뉴시스    이재명 더불어민주당 대표의 단식 투쟁이 2주째에 접어든 가운데 이 대표는 단식을 계속 이어가겠다는 의사를 밝혔다.     이 대표는 단식 14일째인 13일 건강 문제를 고려해 단식 장소를 국회 본청 앞 천막에서 본청 안 당 대표실로 옮겼다.     그는 이날 오전 9시30분 국회에서 열린 최고위원회의에는 불참했지만 1시간 후 최고위원들을 비롯해 민주당 내 최대 의원 모임인 '더좋은미래'(더미래)와 초선의원 모임의 격려 방문에는 일일이 응대하며 얘기를 나눴다.     단식 14일차인 이재명 더불어민주당 대표가 13일 서울 여의도 국회 대표 회의실에 누워 있다. 뉴스1    민주당 의원들은 이 대표의 건강 악화를 우려하며 단식을 중단해 줄 것을 간곡하게 요청했다.     이 대표는 착잡한 표정을 지으며 한숨을 크게 내쉬었지만 윤석열 정권의 폭정이 선을 넘고 있다며 당장 그만둘 의사가 없음을 분명히 했다.     고민정 최고위원은 ""너무 기운이 없어 보이셔서 걱정이다, 건강을 먼저 생각해 주셨으면 한다""고 당부했다. 그러자 이 대표는 ""아직 똘똘하다""고 의지를 드러냈다.     정청래 최고위원 등은 전날 검찰 소환 조사로 인한 스트레스로 건강이 급격히 많이 나빠진 것 같다며 우려했고, 이 대표는 ""잠깐씩은 앉아 있는 정도다""고 말했다.     이 대표는 더미래 의원과의 면담에서는 윤 정권의 국정 운영을 강도 높게 비판했다.     그는 ""어느 선에서 멈추거나 그럴 가망이라도 있으면 뭘 좀 해보겠는데 내가 국가라는 생각으로 폭력적으로 모든 것을 억압하려고 하니까 끝이 없을 것 같다""며 ""어디까지 갈지 모르겠다. 모든 걸 힘으로 해결하려고 한다. 모든 수단을 동원해도 꿈쩍도 안 하고 오히려 보란 듯이 더하니까 상식을 파괴하는 게 어떤 것이 보여주겠다는 이런 태도로 보인""고 저격했다.     단식투쟁 14일차를 이어가고 있는 이재명 더불어민주당 대표가 13일 오전 서울 여의도 국회 당대표실에서 정청래 최고위원과 손을 잡고 있다.뉴시스    진선미 의원은 이 대표를 단식을 둘러싼 정부와 여당의 태도를 겨냥하며 ""과거 김성태 원내대표가 단식할 때도 우리 원내대표가 가서 설득하고 안쓰러워했다""며 ""지금은 너무 냉혹하다. 정치를 하는 사람들의 태도인가 싶다""고 목소리를 높였다.     이 대표는 이날 개각 발표와 관련해서는 ""대안으로 제기된 분들이 아주 훌륭한 분들이시라고""라고 짧게 물으며 관심을 보이기도 했다.",김경호 기자 stillcut@segye.com
kbc광주방송,"이재명 ""尹, 국방장관 교체로 꼬리 자르기..특검으로 진상규명""",2023.09.13. 오전 10:54,"▲검찰 조사 마치고 나오는 이재명 대표 사진 : 연합뉴스더불어민주당 이재명 대표가 채수근 상병 사망 사건 수사 외압 의혹에 대해 철저히 진상규명하겠다고 밝혔습니다.이 대표는 13일 오전 입장문을 내고 ""특검(특별검사)법이 발의된 만큼 민주당은 관련자들에 대한 철저한 진상규명으로 반드시 진실을 밝히겠다""고 말했습니다.그러면서 ""이태원 참사, 오송 참사, 채 상병 순직, 번번이 국민 생명을 지키지 못한 정부가 책임은커녕 진실을 은폐하려고 하니 온 국민이 분노하는 것""이라고 비판했습니다.이어 ""민주당이 국방부 장관에 대한 탄핵을 당론으로 정하려 하자 이종섭 장관이 곧바로 사의를 표명했다""며 ""그간 장관을 해임하라는 국민과 야당의 요구를 묵살해 온 대통령은 이제야 수용할 모양""이라고 꼬집었습니다.또 ""입대한 지 4개월 만에 차가운 주검이 되어버린 '채 상병의 억울한 죽음' 앞에서 어느 부모가 대한민국 군대에 자식을 보낸단 말인가""라고 반문했습니다.아울러 ""윤석열 정부는 국방부 장관과 안보라인 교체로 '꼬리 자르기'에만 열중""이라고 강조했습니다.#더불어민주당 #이재명 #국방부장관 #특검 #윤석열 #대통령 #국방부 #외압		",구영슬(seulnews@ikbc.co.kr)
YTN,"與, '허위 인터뷰 의혹' 방송한 김어준 등 3명 고발키로",2023.09.13. 오후 2:18,"			국민의힘은 대장동 사건 핵심 인물인 김만배 씨 허위 인터뷰 의혹과 관련해, 전·현직 라디오 시사 프로그램 진행자인 김어준, 주진우, 최경영 씨 등 3명을 경찰에 고발하기로 했습니다.당 미디어정책조정특별위원회와 가짜뉴스 괴담방지특별위원회는 오늘(13일) 국회에서 기자회견을 열고, 이들을 허위 사실 적시에 의한 명예훼손 등의 혐의로 내일 서울경찰청에 고발할 계획이라고 밝혔습니다.미디어정책조정특위 위원장인 윤두현 의원은 이들 3명은 공공재인 라디오 시사프로그램을 진행하면서 허위 인터뷰 내용을 마치 사실인 것처럼 전제하고 방송해, 당 소속 대선 후보였던 윤석열 대통령의 명예를 크게 훼손했다고 주장했습니다.특히 TBS '김어준의 뉴스공장'과 KBS라디오 '주진우 라이브', '최경영의 최강시사' 등의 프로그램이 과도하게 표현한 정도가 유독 심각했다며, 향후 TV 시사 제작프로그램도 모니터링할 계획이라고 설명했습니다.※ '당신의 제보가 뉴스가 됩니다'[카카오톡] YTN 검색해 채널 추가[전화] 02-398-8585[메일] social@ytn.co.kr		",이종원(jongwon@ytn.co.kr)
MBN,"박지현 ""이재명 보자마자 그냥 눈물 났다…자연스러운 일""",2023.09.13. 오전 10:44,"""이전의 이념이나 생각 변한 것 아냐""더불어민주당 이재명 대표가 지난 11일 국회 본청 앞 단식농성 천막에서 박지현 전 더불어민주당 공동비대위원장과 이야기를 나누고 있다 / 사진 = 연합뉴스단식 중인 이재명 더불어민주당 대표를 찾아 눈물을 보였던 박지현 전 더불어민주당 비상대책위원장이 ""괴기하다"", ""공천 받으려고 한다"" 등의 비판을 받자 ""너무 수척해진 모습을 눈앞에 마주하니 저도 모르게 울컥한 것""이라고 말했습니다.박지현 전 더불어민주당 비상대책위원장은 오늘(13일) SBS 라디오 '김태현의 정치쇼'에서 '이재명 대표의 단식을 만류하면서 눈물을 좀 보였다. 어떤 의미로 해석을 해야 하나'라는 취지의 질문을 받고 ""보자마자 그냥 눈물이 났다""며 ""조금은 의견이 다르더라도 같은 길을 걷는 분에 대한 최소한의 예의라고 생각해서 염려되는 마음으로 찾아갔었던 건데 너무 수척해진 모습을 보니 저도 모르게 울컥했다""고 당시 심경을 전했습니다.박 전 위원장은 지난 11일 이 대표가 단식 농성을 이어가고 있는 국회 앞 천막을 찾아 ""건강이 걱정돼 왔다. 단식 그만하시고 건강을 회복하셔야 한다""며 ""시민도 대표님의 진심을 많이 알았다. 윤석열 정권의 폭정에 싸우려면 건강을 회복하셔야 한다. 같이 윤 정권에 맞서 긴 호흡으로 싸우자""고 말하면서 눈물을 흘렸습니다. ""단식이 끝나면 제가 회복식도 만들어 드릴테니 얼른 단식을 중단해 달라""는 말도 했습니다.이를 두고 비명계로 꼽히는 조응천 민주당 의원은 박 전 위원장이 보궐선거에서 계양을 출마하는 문제로 이 대표하고 각을 세웠던 상황이 있었는데 ""중간 단계 없이 갑자기 저렇게 급반전되니까 굉장히 초현실적이고 좀 그로테스크(괴기)해 보였다""고 평가했으며, 친명계인 정청래 민주당 의원도 ""와서 눈물을 참기는 하는데 그렇게 우는 경우는 좀 드물다. 좀 오버 아닌가""라고 냉소적인 반응을 보였습니다.진중권 광운대 교수는 ""지금까지의 박 전 위원장이었다면 ‘이게 무슨 당을 위한 거냐. DJ 단식이냐, YS 단식이냐, 그런 것도 아니지 않느냐. 요구가 뭐냐. 방탄용 단식인데 하지 말아라, 싸우려면 다른 방식으로 싸우라’고 얘기해야 할 사람""이라며 ""눈물 흘리면서 ‘회복식을 제가 만들어드릴게요’ 이건 뻔한 거 아니냐""고 비판했습니다.그러면서 ""공천 받으려고 그런 것 같다""고 꼬집기도 했습니다.자신이 이 같이 비판 받는 상황에 대해 박 전 위원장은 ""솔직히 정치적 입장을 떠나서 단식의 시기를 넘긴 사람을 직접 봤을 때 눈물이 나오는 것은 자연스러운 일이라고 생각한다""며 ""태도가 변했다는 이야기를 하는 분들도 있지만 저는 이전의 이념이나 생각이 변한 것은 없다""고 말했습니다.박 전 위원장은 ""윤석열 정부가 저러고 있는 상황에서 다음 총선에 만약에 국민의힘이 과반 의석을 차지하게 된다면 어떻게 될까, 얼마나 더 많은 희생이 있을까, 저는 솔직히 겁이 난다""며 ""그런 측면에서 복합적으로 이 대표와 함께 싸워야겠다는 생각이 들었던 것""이라고 설명했습니다.검찰이 영장을 청구할 경우 이 대표에 대한 체포 동의안 가부결 선택에 대해서는 ""원칙적으로는 불체포 특권에 대해 반대해왔고, 이 대표도 그렇게(불체포 특권 포기) 말씀하신 바 있다""면서도 ""단식하고 있는 사람에게 불체포특권 이야기를 하는 것은 인간적 도리가 아니""라며 ""검찰이 추석을 앞두고 정치적 여론을 의식해 체포 영장을 발부한다는 것에 대해 의심의 여지가 없다. 그럼에도 불구하고 국민 앞에 떳떳한 모습을 보여주는 게 떳떳한 야당, 강한 야당으로 비치지 않을까""라고 말했습니다.한편, 내년 총선 출마 준비 여부와 관련해서는 ""정치인이 출마 고민하는 것은 당연한 것""이라며 ""아직 고민을 많이 하고 있어서 추석이 지나고 나면 좀 더 명확히 말씀드릴 수 있을 것""이라고 답했습니다.",윤혜주 디지털뉴스 기자 heyjude@mbn.co.kr
KBS,방문규 “킬러 규제 과감히 폐지…원전 생태계 조기 복원”,2023.09.13. 오전 10:18,"방문규 산업통상자원부 장관 후보자는 “국내 투자 활성화를 위해 입지･환경･노동 등 킬러 규제를 과감히 없애 나가겠다”고 밝혔습니다.  방문규 산업부 장관 후보자는 오늘(13일) 국회 산업통상자원중소벤처위원회가 진행한 인사청문회에서 “글로벌 공급망 재편은 우리나라가 첨단 기술과 제품의 아시아 전진 기지로 자리매김 할 수 있는 기회”라며 이같이 말했습니다.  방 후보자는 우리 첨단산업의 초격차를 이끌어나가겠다며, 이를 위해 국내외 우수인력 확보, 기반시설 공급, 세제･금융 등 필요한 지원을 아끼지 않겠다고도 강조했습니다. 특히, 한･미･일 3국 간 연대를 주축으로 주요국과의 산업･통상 협력을 강화해, 우리 첨단산업의 공급망을 확고히 하겠다고 밝혔습니다.  방 후보자는 에너지 분야와 관련해서는, 탄소 중립과 에너지 안보 강화를 위해 원전 생태계를 조기에 복원하고 에너지 신산업으로 육성하겠다고 말했습니다.  방 후보자는 아울러 2030 부산엑스포는 막대한 부가가치와 고용 창출이 기대되는 국가적 행사라며, 장관으로 임명된다면 취임 직후부터 적극적인 유치 활동을 전개하겠다고 다짐했습니다.[사진 출처 : 연합뉴스]■ 제보하기▷ 전화 : 02-781-1234, 4444▷ 이메일 : kbs1234@kbs.co.kr▷ 카카오톡 : 'KBS제보' 검색, 채널 추가▷ 네이버, 유튜브에서 KBS뉴스를 구독해주세요!",장덕수 (joannes@kbs.co.kr)
헤럴드경제,"현대모비스 뇌파 분석 ‘엠브레인’, 안전기술대상 대통령상 수상",2023.09.13. 오후 12:02,"세계 최초 뇌파 기반 운전자 모니터링피곤, 졸음 등 건강 상태 실시간 체크경기도 공공버스 시범 도입, 완성도 입증2023 서울모빌리티쇼 현대모비스 부스에 전시된 뇌파 기반 운전자 모니터링 시스템 ‘엠브레인’을 시연하는 모습. [현대모비스 제공][헤럴드경제=서재근 기자] 현대모비스는 13일 행정안전부 주최로 고양 킨텍스에서 열린 ‘2023 안전산업박람회’ 개막식에서 ‘엠브레인’이 안전기술대상 최고상에 해당하는 대통령상을 수상했다고 밝혔다.엠브레인은 운전자의 뇌파를 분석해 피곤, 졸음, 부주의 등 건강 상태를 실시간으로 체크하는 시스템이다. 운전자의 주의력이 떨어질 경우 운전석 시야 주변의 LED, 진동 시트, 헤드레스트 스피커 등을 활용해 시각, 촉각, 청각 등 다양한 방법으로 경고한다.엠브레인은 소형 이어셋 착용만으로 이 같은 뇌파 분석을 가능하게 했다. 운전자가 오랜 시간 착용해도 불편함이 적도록 뇌파 센서를 소형화하면서도 신호 품질은 높였다.엠브레인은 경기도 공공버스에 시범 도입, 기술 완성도를 입증했다. 경기연구원의 자료에 따르면 엠브레인 착용 후 버스 운행 시 운전 부주의 발생 빈도가 25.3% 줄었다. 2021년 10대로 시작해 올해 300대 보급이 이뤄졌다. 현대모비스는 매년 단계적으로 보급량을 늘려 기술 완성도를 끌어올린다는 계획이다.현대모비스는 ‘사용자의 마음을 읽는’ 엠브레인의 특성에 착안해 아동 심리 상담 지원에도 나섰다. 경기, 인천, 강원 등 전국 6개 아동보호기관에 전달돼 심리 상담에 활용되고 있다.현대모비스 관계자는 “엠브레인은 다가올 자율주행 시대를 맞아 탑승자의 이상 상황 확인과 안전 대처를 통해 ’마음을 읽은 모빌리티 기술’로 진화가 기대된다”며 “엠브레인으로 대표되는 뇌파 기반 기술이 운전자 안전사고 예방, 심리 상담 지원 등 사회적으로 유익하게 쓰일 수 있도록 기술을 고도화하고, 활용 범위를 확대해 나갈 것”이라고 말했다.한편 현대모비스는 생체 신호 중 가장 파악 난이도가 높은 뇌파를 활용한 엠브레인 개발을 통해 올해 초 열린 ‘CES 2023’ 혁신상, 안전산업박람회 혁신부문 우수상을 받았다.",서재근 likehyo85@heraldcorp.com
헤럴드경제,"해수부, 수협·대형마트와 수산물 소비 활성화 업무협약 체결",2023.09.13. 오전 10:06,"[헤럴드경제=홍태화 기자] 해양수산부가 수협중앙회 및 이마트, 롯데마트, 홈플러스, GS리테일 등 대형마트 4개사와 수산물 소비 활성화를 위한 업무협약을 체결한다. 일본 원전 오염수 방류로 수산물 소비가 위축될 수 있다는 우려 때문이다.해수부는 13일 서울 노량진수산시장에서 업무협약을 체결키로 했다며 이날 이같이 밝혔다. 대형마트 4개사와 수협중앙회는 ▷국내산 수산물의 안전성 확보 ▷소비 활성화를 위한 할인 행사 내실화 ▷수산물 소비 동향 파악을 위한 자료 공유 등을 위해 협력한다.해수부는 일본 원전 오염수 방류 이후 국내 수산물 소비 활성화를 위해 예비비 800억원을 추가 투입해 수산물 할인 행사 개최, 전통시장 온누리상품권 환급 행사 상시 시행, 제로페이 상품권 발행 확대 등 사업을 펼치고 있다.특히 온오프라인 유통업체가 참여하는 수산물 할인 행사는 정부 할인율을 20%에서 30%로 확대하고, 1인당 할인 한도도 1만원에서 2만원으로 올렸다.조승환 해수부 장관은 ""이번 협약을 계기로 정부와 민간이 힘을 합쳐 수산물 소비가 위축되지 않도록 최선을 다하겠다""고 말했다.",홍태화 th5@heraldcorp.com
서울신문,"‘성과급 400%+1050만원’…현대車, 임단협 잠정합의",2023.09.12. 오후 9:34,"현대자동차 노사 교섭대표들이 지난 6월 13일 현대차 울산공장 본관 동행룸에서 ‘2023년 임금협상 상견례’를 하고 있다. 2023.6.13 현대차 제공현대자동차 노사가 12일 기본급 11만 1000원 인상과 기술직 추가 신규 채용 등을 담은 올해 임금 및 단체협약에 잠정 합의했다. 잠정 합의안에 대해 노조는 오는 19일 조합원 찬반 투표를 진행해 확정 절차를 밟을 예정이다. 그대로 확정될 경우 5년 연속 무분규 임단협 타결이다.노사는 이날 울산공장에서 열린 23차 교섭에서 잠정합의안을 도출했다고 밝혔다.잠정합의안은 기본급 11만 1000원(호봉승급분 포함) 인상, 성과금 400%+1050만원, 주식 15주, 재래시장상품권 25만원 등을 담았다. 특별격려금 250만원과 사업 목표 달성 격려금 100% 등도 지급한다. 이와 별도로 2년에 걸쳐 기술직(생산직) 신규 추가 채용(1100명 상당) 등에도 합의했다. 기본급과 성과금 모두 역대 최고 인상 안이다.견해차가 크던 정년 연장 논의와 관련해선 정부 정책과 법 개정 등을 지켜본 후 내년 상반기 다시 논의하기로 했다.		",최재헌 기자
뉴스1,이름만 바뀐 ‘어린이보험’을 바라보는 세 가지 시선,2023.09.13. 오전 6:00,"보험사 “어린이보험 오해 해결”·GA “더 헷갈려”·금감원 “2030 상품 강화”'2023 한강 종이비행기 축제'에 참가한 어린이들이 종이 비행기를 날리고 있다/뉴스1 ⓒ News1 이승배 기자(서울=뉴스1) 박재찬 기자 = 이달부터 어린이보험의 가입연령이 15세로 제한되면서 ‘어른이’보험을 판매해 온 보험사들이 상품 가입연령을 0세부터 최대 40세까지로 하는 상품들을 내놓았다.이를 두고 금융감독원·보험사·영업 현장의 입장이 엇갈렸다. 보험사는 어린이보험에 대한 소비자들의 오해를 해소했다고 평가한 반면 보험영업 현장에서는 비슷한 상품들이 많아져 소비자들은 더 헷갈리게 됐다고 보고 있다. 금감원은 이번에 선보인 상품 간의 차별성이 크지 않은 점은 인정하면서도 장기적으로 2030세대를 겨냥한 상품의 경쟁력이 강화될 계기가 될 것으로 기대하고 있다. 13일 보험업계에 따르면 최근 주요생명·손해보험사들이 0세부터 40세까지 가입이 가능한 보험상품 개정·출시에 나서고 있다.  이는 지난 7월 금감원이 어린이보험, 단기납 종신보험, 운전자보험을 보험사의 건전성을 악화시키고 불완전판매 등으로 인한 소비자 피해를 유발하는 상품으로 지목하고 상품 개정 명령을 했기 때문이다. 당시 금감원은 어린이보험에 대해 발병률이 적은 뇌·심혈관 질환 등 어린이에게 불필요한 성인 담보가 부가하는 등 불합리한 상품 판매가 심화하고 있다고 지적하며, 상품구조 변경을 명령하고 어린이 혹은 자녀보험의 가입연령을 15세로 제한했다. 최근 보험사들은 가입연령 0세부터 최대 40세까지로 하고, 기존 어린이보험과 보장이 거의 같은 상품들을 선보였다. 이 상품들은 기존의 ‘어린이보험’이라는 상품명에서 ‘어린이’라는 단어를 빼고 대신 ‘건강·종합보험’이라는 용어로 대체했다. 보험사별로는 현대해상(굿앤굿스타종합보험), 농협손해보험(굿스타트건강보험)이 0~30세까지 가입가능한 상품을 선보였고, KB손해보험(금쪽같은 희망플러스), 하나손해보험(하나로 시작하는 건강보험) 0~35세, DB손해보험(청춘어람 건강보험) 7~35세, 한화손해보험(1035Young플러스종합보험) 10~35세, 흥국생명(다재다능1540보험) 15~40세, 흥국화재(흥Good 폼나는 MZ보험) 16~35세, 삼성화재 (내돈내삼), 메리츠화재(내mom대로) 16~40세까지 가입가능한 상품을 선보였다.  보험사들은 이번 상품 개선으로 소비자들의 어린이보험에 대한 오해의 소지를 일부 줄였다는 입장이다. 한 손해보험사 관계자는 “소비자들이 이번 개정으로 상품명에 ‘어린이’라는 표현 때문에 오해할 수 있는 부분들을 바로 잡았다”고 말했다.  보험영업 현장에서는 기존 상품과 차이가 거의 없이 상품 종류만 많아져 소비자들의 혼란만 키웠다고 본다. 대형 GA 관리자는 “이 상품들이 성인보험들 보다는 저렴하고 보장범위도 넓어 2030 자녀를 둔 부모들에게는 니즈가 있을 것으로 보인다”면서도 “하지만 보장, 보험료 등이 대동소이하고 기존의 어린이보험과도 차이가 없어 소비자들은 더 헷갈리게 됐다”고 말했다. 금독원은 중장기적으로 어린이보험과 2030보험이 분리돼 추후 보험사들의 상품 경쟁력이 확대될 것으로 보고 있다. 금감원 관계자는 “이번 상품 개정까지 40일 정도밖에 시간이 없어 각 보험사들이 차별화한 상품을 내놓기는 시간이 촉박했다”며 “장기적으로는 이번 상품개정 명령으로 어린이와 2030세대를 분리해 시장 경쟁력이 강화될 것으로 보이고 보험사들도 각 연령별 차별화 된 상품들을 준비하고 있는 것으로 알고 있다”고 말했다.		",박재찬 기자 (jcppark@news1.kr)
중앙일보,국제유가 급등해 10개월 만에 최고…석유 감산에 재고 줄어,2023.09.13. 오전 6:23,"			  산유국의 원유 감산이 계속될 것이란 전망에 국제유가가 급등했다. 세계 경제가 회복세를 보이며 유가는 올해 들어 최고 수준으로 상승하는 중이다.      국내 기름값이 상승하는 가운데 지난 10일 서울의 한 주유소 모습. 연합뉴스           12일(현지시간) 영국 런던 ICE 선물거래소에서 11월 인도분 브렌트유 선물은 배럴당 92.06달러로 전 거래일보다 1.6%(1.42달러) 오른 가격에 거래를 마치며 올해 최고치를 경신했다. 지난해 11월 16일(92.86달러) 이후 가장 높은 수준이다.      뉴욕상업거래소의 10월 인도분 미국 서부텍사스산원유(WTI) 선물 종가도 배럴당 88.84달러로 전날보다 1.8%(1.55달러) 상승했다. 이 역시 지난해 11월 이후 가장 높다.      이날 석유수출국기구(OPEC)는 세계 경제의 회복과 함께 원유 수요도 견조한 흐름을 보일 것으로 예상했다. OPEC은 월간 보고서를 통해 내년 세계 원유 수요가 하루 25만 배럴 증가할 것이라고 내다봤다. 원유 수요가 늘어날 것이란 전망에도 최근 OPEC은 감산을 계속하는 중이다.      지난 5일 사우디아라비아와 러시아는 자발적 공급 감축을 연말까지 연장한다고 밝혔다. 또 지난 9일 OPEC 회원국 리비아에 치명적인 폭우가 내려 동부 석유 수출 터미널 213곳을 폐쇄한 것도 국제유가 상승에 영향을 미쳤다.      미국에서도 원유 재고 감소에 대한 우려가 제기되고 있다. 미 에너지정보청(EIA)은 이날 단기 전망 보고서를 내고, 올해 3분기 세계 원류 재고 감소량이 하루 60만 배럴, 4분기에는 하루 20만 배럴에 이를 것으로 예측했다.      이에 따라 4분기 브렌트유 가격 전망은 기존 배럴당 86달러에서 93달러로 올려 잡았다. EIA는 “향후 몇 달간 간 세계 원유 재고 하락이 유가를 지지할 것”이라고 설명했다.      시장에선 13일 나오는 국제에너지기구(IEA) 발표에도 경계감이 있는 상황이다. 파생상품 중개업체 오안다(OANDA)의 에드워드 모야 수석 연구원은 “유럽과 중국의 경제지표가 개선되기 시작하면 국제 원유시장의 공급이 더 빠듯해질 수 있다”며 “이는 브렌트유가 배럴당 100달러 수준으로 오를 수 있음을 의미한다”라고 분석했다.  ",임성빈 기자 im.soungbin@joongang.co.kr
헤럴드경제,“표본샘플 늘려 사후확인제 실효성 높여야”,2023.09.13. 오전 11:11,"전문가들이 말하는 해법은관련법 속도 내고 기술 개발 독려30가구 미만 미적용 문제도 숙제층간소음을 형상화한 그림으로 기사 내용과는 무관 [연합]이웃 간 갈등을 불러온 층간소음 분쟁이 해마다 늘어나고 있지만 이를 방지하거나 중재하기 위한 법적 장치가 미비한 상황에서 전문가들은 현행 사후확인제의 실효성을 높여야 한다고 지적한다.국토교통부는 지난해 8월 아파트가 준공된 후 층간소음 성능을 평가하고자 사후확인제를 도입했다. 지난 2004년 도입한 층간소음 사전인정제도는 아파트 구조와 바닥 두께보다 바닥 자재에만 초점이 맞춰져 실질적 층간소음 차단에 한계가 있었기 때문이다.하지만 사후확인제는 층간소음 성능 검사 결과가 기준 미달이더라도 지방자치단체장은 시공사에 보완 시공이나 손해배상을 ‘권고’할 수 있을 뿐 강제성이 없다는 문제점을 노출하고 있다.또, 현재 사후확인제도의 표본 샘플은 가구 수의 2%다. 전체 가구 수 대비 턱 없이 적다는 지적이 제기되는데, 실질적인 반영이 이뤄지기 위해선 5% 이상으로 확대해야 한다는 분석이다. 다세대주택 등 30가구 미만의 주택은 미적용되는 점도 해결돼야 한다는 목소리도 나온다.아울러, 층간소음과 관련해 주택법 개정안 등 입법 논의도 속도를 내야 한다는 지적이 나온다. 국회 의안정보시스템에 따르면 층간소음 관련 주택법 개정안은 계류 중인 사안이 2건 있지만 진척을 내지 못하고 있다. 그 중 1건은 지난해 4월 임시회의 상정 이후 1년 5개월 동안 논의 조차 되지 않고 있다.입법부도 법안 통과의 필요성에 대해 공감하지만 해결책을 찾기 어렵단 입장이다. 층간소음 관련 법안을 대표 발의한 김학용 국민의힘 의원실 관계자는 “층간소음과 관련해 명확하게 건축 기준을 합의한 사항이 없는 게 가장 큰 문제”라며 “국민들이 체감할 만한 대책을 내세우기 어렵다”고 토로했다.이에 국토부 등 당국은 층간소음 해소를 위한 방안을 연구 중이다. 국토부는 최근 산·학·연·관 정책협의체를 출범하고 지난 7월27일 첫 회의를 가졌다. 회의에선 공공주택 바닥두께 상향, 시범단지 실증연구와 층간소음 사후확인제 등에 대해 논의한 것으로 알려졌다.한국토지주택공사(LH)와 국토안전관리원 등은 층간소음이 건물 하자로 볼 수 있을 지에 대한 논의를 이어가고 있다. 이에 대한 연구 용역 발주까지 마쳤다. 국토안전관리원 관계자는 “바닥 충격음을 하자로 볼 지 여부와 바닥 마감재의 성능이 불만족 시 배상안 수립 연구, 사후 성능 보강 방안 등에 대한 연구 용역을 진행 중”이라고 말했다.전문가들은 정부 등 기관이 기업에게 기술개발을 지속할 수 있도록 지원할 것을 주문했다. 김경우 한국건설기술연구원 선임연구위원은 층간소음 해결책으로 “개별 요소별 기술개발도 중요하지만 전체 바닥구성(건물구조 포함)에 대한 기술접근이 필요해 보인다”며 “기술개발은 건설사 중심으로 진행되는 것이 바람직하며 지속적인 기술개발을 할 수 있도록 정부 등 기관에서 지원·유도하는 것이 필요하다”고 말했다.이준태·서영상 기자",이준태 Lets_win@heraldcorp.com
뉴시스,8월 취업자 수 26.8만명↑…5개월만에 증가폭 확대(1보),2023.09.13. 오전 8:01,"통계청 '2023년 7월 고용동향' 발표[부산=뉴시스] 하경민 기자 = '2023 부산 우수기업 채용박람회'가 열린 6일 부산 남구 부경대 실내체육관에서 구직자들이 채용정보게시대를 살펴보거나 이력서 등을 작성하고 있다. 2023.09.06. yulnetphoto@newsis.com[세종=뉴시스]용윤신 임하은 기자 = 지난달 취업자 수가 1년 전보다 27만명 가량 늘면서 증가폭이 확대됐다.통계청이 13일 발표한 '2023년 8월 고용동향'에 따르면 지난달 취업자 수는 2867만8000명으로 1년 전보다 26만8000명(0.9%) 늘었다. 증가 규모는 지난 4월(35만4000명), 5월(35만1000명), 6월(33만3000명), 7월(21만1000명)으로 4개월 연속 둔화하다가 지난달 반등했다. 지난 7월 취업자수 증가폭은 지난 2021년 2월(-47만3000명) 이후 2년 5개월 만에 가장 작았는데 지난달 다시 확대한 것이다.15세 이상 인구 중 취업자가 차지하는 비율인 전체 고용률은 63.1%로 전년보다 0.3%포인트(p) 상승했다. 1982년 8월 관련 통계가 작성된 이래 같은 달 기준으로 역대 최대다.경제협력개발기구(OECD) 비교 기준인 15~64세 고용률은 1년 전보다 0.7%p 오른 69.6%로 집계됐다. 8월 기준으로 1989년 1월부터 관련 통계 작성 시작 이후 가장 높다.지난달 실업자는 57만3000명으로 전년 동월 대비 4만1000명(-6.7%) 감소했다. 경제활동인구 중 실업자가 차지하는 비율인 실업률은 2.0%로 1년 전보다 0.1%p 하락했다.이는 1999년 6월 구직기간 기준변경 이래 8월 기준 최저 수준이다.[세종=뉴시스]통계청 2023년 8월 고용동향. *재판매 및 DB 금지",용윤신 기자(yonyon@newsis.com)
한국경제,"신한운용, 800억 '성장지원펀드' 위탁운용사 선정 돌입",2023.09.13. 오전 11:54,"신한자산운용은 13일 성장지원펀드의 위탁운용사 선정을 진행한다고 밝혔다.산업은행이 주도하는 혁신성장펀드는 신산업과 글로벌 유니콘 기업 육성·미래 성장동력 확충 등에 투자하는 대규모 정책펀드로 혁신산업펀드와 성장지원펀드로 구분해 조성된다. 신한자산운용은 앞서 성장지원펀드의 운용사 중 한 곳으로 선정됐다.신한자산운용은 위탁운용금액 총 800억원 이내로 2개의 자펀드 운용사를 선정할 계획이다. 각 펀드별 목표 금액은 2500억원이며 출자 대상은 사모펀드(PEF), 벤처캐피털(VC) 구분 없이 진행된다. 심사 결과는 다음 달 중 발표되고 펀드 결성시한은 12월 말이다.출자 방식은 민간에서 자율적으로 결성한 펀드가 성장지원펀드 조성 취지에 부합하는 경우 매칭 방식으로 출자한다. 이는 올해 초 금융위에서 발표한 '2023년 혁신성장펀드 조성 계획'의 일환이다. 때문에 최근 모험자본 시장이 위축되고 있는 것을 일부 방지할 수 있는 대규모 자금 공급 효과가 기대된다고 회사는 전했다.조성호 신한자산운용 특별자산운용팀장은 ""이번 사업과 더불어 향후 현 정부에서 추진하고 있는 민간모펀드 조성에 적극적으로 참여하겠다는 계획이며 이를 통해 혁신성장 생태계 조성이라는 국정과제 실행에도 일조하겠다""고 말했다.",신민경 한경닷컴 기자 radio@hankyung.com
조선일보,"50년 만기 주담대 40년으로 축소...부부소득 1억 이상, 특례보금자리론 못 받아",2023.09.13. 오후 1:10,"금융 당국, 가계부채 관리 강화 방안 발표							금융 당국이 총부채원리금상환비율(DSR)의 우회 수단으로 지적받은 50년 만기 주택담보대출의 산정 만기를 40년으로 축소한다. 또 낮은 금리의 정책형 주택담보대출 상품인 특례보금자리론을 받을 수 있는 자격 요건도 대폭 강화한다.금융당국이 최근 급증한 가계대출 관리 강화를 위해 최근 인기를 끈 '50년 만기 주택담보대출'을 손본다. 장기 고정금리 정책모기지인 '특례보금자리론'도 서민·실수요층 대상 상품만 유지하기로 했다./뉴스1										금융위원회는 13일 이세훈 사무처장 주재로 기획재정부, 국토교통부, 한국은행, 금융감독원, 주택금융공사, 은행연합회, 금융연구원 등 유관기관과 함께 가계부채 현황 점검회의를 열어 이러한 내용의 가계부채 관리 방안을 발표했다.가장 눈에 띄는 것은 지난 7~8월 규모가 급증한 50년 만기 주택담보대출에 대한 규제다. 정부는 50년 만기 주담대가DSR 규제 우회수단으로 악용되는 것을 예방하기 위해 대출 전 기간에 걸쳐 상환능력이 입증되기 어려운 경우 DSR 산정만기를 최대 40년으로 제한한다고 밝혔다. DSR은 연소득에서 모든 대출금의 원리금 상환액이 차지하는 비율을 가리킨다. 현재 DSR 40% 규제가 적용되고 있다. 실제로 돈을 갚는 기간은 50년으로 적용을 하지만 DSR을 적용해 대출 한도를 구할 때는 40년 만기 상품인 것으로 가정하고 산출하겠다는 것이다. 다만 금융위는 차주 별로 상환 능력이 명백히 입증되는 경우에는 50년 만기를 사용할 수 있도록 운영할 예정이다. 김태훈 금융위원회 거시금융팀장은 “소득으로 벌 수 있는 기간이라든지 확인만 된다면 맞출 수 있는 부분이 있을 것이고, 그 부분은 금융감독원에서 은행권과 얘기를 하면서 조금 더 구체화할 것”이라고 말했다.또 금융위는 특례보금자리론 일반형 공급을 중단하되 우대형의 경우 올해 공급 한도(39조6000억원)를 초과하더라도 공급을 지속한다고 밝혔다. 가계부채가 5개월 연속 증가하면서 정책금융상품인 특례보금자리론은 은행권 초장기 주택담보대출과 함께 대출 증가 요인으로 지적된 바 있다. 또한 지난 8일 기준 특례보금자리론 신청이 37조6000억원으로 올해 공급 목표(39조6000억원) 95.1%에 도달하면서 서민·실수요층에만 공급을 집중해야 한다는 데 의견이 모아졌다. 특례보금자리론을 취급하는 주택금융공사에 따르면 부부합산 소득이 1억원을 초과하거나 주택가격이 6억원을 초과하는 일반형 대상자에 대해서는 오는 26일까지만 신청을 받는다.부부합산 소득 1억원 이하이면서 주택가격이 6억원 이하로 서민·실수요층에 해당하는 우대형은 공급 목표 달성과 무관하게 내년 1월까지 운영을 지속할 방침이다. 8일 기준 유효 신청 현황을 보면 우대형이 21조4965억원으로 전체 공급액(37조6000억원)의 57.1%였고 일반형이 16조1517억원으로 42.9%였다.장기적으로 금융위는 변동금리 대출에 대해서 향후 금리상승 가능성 등을 감안해 보다 엄격한 수준의 DSR 규제가 이뤄질 수 있도록 DSR 산정 시 일정수준 가산금리를 적용하는 스트레스(Stress) DSR 제도를 도입한다는 방침이다. 예컨대 소득 5000만원 차주가 금리 4.5%변동금리로 DSR 40%로 적용해 50년 만기 대출을 받을 시 가산금리를 최대 1%포인트 적용하면 도입 전엔 4억원까지 대출을 받을 수 있지만 도입 후엔 3억4000만원까지만 받을 수 있게 된다. 김태훈 팀장은 “변동금리 대출에 있어서 특히 50년 만기 장기대출은 굉장히 높은 원금금을 장기간 끌고 가는 게 문제가 있고 그 사이에 심각한 금리 변동 위험성에 차주들이 노출이 되게 된다”고 말했다.",김지섭 기자 oasis@chosun.com
YTN,"'해병대 수색' 생존 병사 어머니, 임성근 사단장 고발",2023.09.13. 오후 2:17,"			실종자 수색 작업 과정에서 숨진 채 모 상병과 함께 물에 빠졌다가 구조된 해병대원의 어머니가 임성근 해병대 제1사단장을 고발합니다.A 병장의 어머니는 오늘(13일) 군인권센터에서 기자회견을 열고, 오늘 오후 고위공직자범죄수사처에 임 사단장을 업무상과실치상과 직권남용 혐의로 고발한다고 밝혔습니다.그러면서, 임 사단장과 사령관들은 수색 작업에 투입됐던 대원들을 무사안일과 입신양명을 위한 도구로 생각하느냐며 대한민국 장성들의 태도가 불신만 주고 있다고 비판했습니다.법률 대리인인 강석민 변호사는 입수 명령을 내린 임 사단장에게 과실이 있고, 임무 수행으로 A 병장의 건강권과 생존권이 침해돼 직권남용죄도 성립한다고 지적했습니다.A 병장은 지난 7월 경북 예천의 수해 복구 현장에서 채 모 상병과 함께 물에 빠져 떠내려가다가 구조돼 외상 후 스트레스 장애 진단을 받고 현재 입원 치료를 받고 있습니다.※ '당신의 제보가 뉴스가 됩니다'[카카오톡] YTN 검색해 채널 추가[전화] 02-398-8585[메일] social@ytn.co.kr		",김다현(dasam0801@ytn.co.kr)
헬스조선,"심장 기형 갖고 태어난 미얀마 소년, 서울대병원서 치료 받아",2023.09.13. 오후 2:18,"코코의 수술 경과를 살펴보는 서울대병원 소아흉부외과 김웅한 교수 / 서울대병원 제공서울대병원은 미얀마에서 온 선천적 심장 기형 환아를 두 차례 수술 끝에 성공적으로 치료했다고 13일 밝혔다.2014년생 미얀마 소년 코코는 남들과 다른 심장을 갖고 태어났다. 좌·우심실을 나누는 벽에 구멍이 있었고(심실중격결손), 심실과 폐를 연결하는 폐동맥이 차단돼 심장에서 폐로 가는 혈류가 없었다. 이로 인해 코코의 폐는 대동맥과 폐동맥 사이 좁은 측부혈관에 의지해 혈류를 공급받았다. 코코는 저산소증과 심부전 발생 위험 때문에 달리기는커녕 천천히 걷는 것조차 어려웠다.치료를 위해서는 여러 수술을 거쳐야 했는데, 폐 주변 혈관이 잘못 발달하는 등 변수가 생기면 다음 단계 수술이 불가능할 수 있어 경과를 면밀히 관찰하고 다음 수술 계획을 세워야 하는 복잡한 상황이었다. 그마저도 현지 의료 환경과 가정 형편상 수술을 받기 어려워 치료하지 못한 채 어려운 생활을 이어갔다.이 같은 사연을 접한 장철호 선교사는 서울대병원 해외 환아 초청 수술 사업과 연계해 코코가 국내에서 수술 받을 수 있도록 도왔다. 코코는 2019년 11월 한국을 방문해 서울대병원 소아흉부외과 김웅한 교수, 소아청소년과 김기범 교수로부터 대동맥 분지에서 폐동맥으로 6mm 크기 인공 도관을 연결해 혈류를 유지하는 수술을 받았다. 서울대병원과 서울의대 이종욱 글로벌의학센터, NGO단체 사단법인 ‘더투게더’를 비롯한 여러 기관의 도움이 있었기에 가능했다.성공적으로 수술을 받고 본국으로 귀국한 코코는 심장 발달 경과를 지켜본 후, 우심실에서 폐동맥을 거쳐 폐로 이동하는 정상심장과 동일한 혈류의 흐름을 만들기 위한 후속 수술을 계획하기로 했다. 당초 코로나19로 인해 수술이 어려웠으나, 하늘길이 다시 열리면서 서울대병원으로 초청돼 2차 수술을 받을 수 있었다.입원 후 심장 CT와 심도자 시술, 혈관 촬영술을 실시한 결과, 코코의 심장은 올바른 방향으로 자라고 있었다. 의료진은 지난달 11일 수술을 통해 불필요한 대동맥 측부혈관을 막고, 우심실과 폐동맥 사이에 판막이 있는 20mm 크기 인공 도관을 연결했다. 또한 심실중격결손을 막고 늘어나있는 상행대동맥 크기를 줄였다.지난달 14일 코코는 회복 상태가 좋아 중환자실에서 일반 병실로 전동됐다. 이후 약 일주일 입원한 뒤 후속 치료가 필요 없을 것으로 판단돼 22일 퇴원했다. 현재는 본국으로 돌아간 상태다. 김웅한 교수는 “성공적인 후속 수술을 통해 코코에게 건강한 삶을, 코코의 가족들에게는 희망을 선물할 수 있어 기쁘다”고 말했다.",전종보 기자  jjb@chosun.com
SBS Biz,서울 지하철 노선도 40년 만에 바뀐다,2023.09.13. 오전 11:37,"[서울 지하철 노선도 새로운 디자인 (서울시 제공=연합뉴스)]서울의 지하철 노선도 디자인이 40년 만에 바뀝니다.지리적 정보를 고려한 노선을 뚜렷이 구별되는 색으로 표시하고 환승역은 탑승하려는 노선을 따라 경로를 알 수 있게 신호등 모양으로 구분해 표기합니다. 관광객을 위해 공항, 바다, 강 등 주요 지리 정보도 넣습니다.서울시는 시각·색채·디자인·인지·교통 등 분야별 전문가들의 자문을 거쳐 만든 새로운 '서울 지하철 노선도 디자인'을 오늘(13일) 공개했습니다.서울 지하철 노선은 1980년대 4개 노선(106개 역)에서 2000년대 9개 노선(338개 역)을 거쳐 현재 23개 노선(624개 역)으로 계속 늘었습니다. 오는 2025년까지 신림선, 동북선, 면목선, 서부선, 우이신설연장선, 목동선, 난곡선, 위례신사선, 위례선, 9호선 4단계 연장 등 총 10개의 노선과 수도권 광역급행철도(GTX) 등이 신설될 예정입니다.그러나 노선도는 1980년대의 형태를 유지한 채 노선만 추가된 다양한 형태로 혼용되고 있어 추가 확장 노선을 적용하기가 어려운 상황입니다. [서울 지하철 기존 노선도와 개선 노선도 비교 (서울시 제공=연합뉴스)]이번에 새로 만든 노선도는 많은 노선과 환승역을 쉽게 인지할 수 있도록 국제표준인 8선형(Octoliner)을 적용했습니다.1933년 헨리 벡이 영국 런던 지하철에 처음 적용한 8선형 디자인은 수평·수직·45도 등 대각선과 직선만 허용해 사용자가 쉽게 인식할 수 있어 가장 일반적으로 사용됩니다. 8선형과 함께 원형 형태의 2호선 순환선을 중심에 두고 지리적 정보를 고려한 노선을 적용해 이용자가 읽기 쉽고 효율적으로 길을 찾을 수 있도록 개선했습니다.일반역과 동일한 형태의 태극 문양으로 혼용되는 환승역은 신호등 방식의 표기로 바꿨습니다. 사용자가 쉽게 목적지를 따라갈 수 있도록 환승하는 노선의 색상을 나열하고 연결 고리 형태로 적용했습니다.아울러 관광객이 현 위치를 방위로 이해할 수 있도록 도심과 외곽 지역 경계선, 인천공항, 바다, 강 등 주요 지리 정보를 노선도에 표현했습니다. 내년에는 랜드마크 아이콘을 노선도에 적용해 서울의 명소도 홍보할 예정입니다.색약자, 시각약자, 고령인들이 보기 쉬운 색상과 패턴을 적용한 것도 특징입니다.경로와 중요도에 따라 노선(메인전철·경전철·도시철도·간선철도)의 색상과 종류를 분류하고 1∼9호선 전철을 중심으로 밝기와 선명도를 통해 선의 표현을 세분화했습니다.개선 노선도는 오는 18일 오후 2시 서울시청 8층 다목적홀에서 열리는 공청회에서 지하철 노선도 관련 굿즈(상품)와 함께 정식으로 공개됩니다.최종 디자인은 시민과 다양한 분야의 전문가 의견 수렴을 거쳐 올해 말 발표 예정입니다.최인규 서울시 디자인정책관은 ""새로운 노선도는 시각약자, 외국인 모두를 배려한 읽기 쉬운 디자인으로 지하철을 더욱 편하게 이용하는 데 기여할 것""이라며 ""노선도를 브랜드화해 다양한 홍보와 연계해 활용할 계획""이라고 말했습니다.당신의 제보가 뉴스로 만들어집니다.SBS Biz는 여러분의 제보를 기다리고 있습니다.홈페이지 = https://url.kr/9pghjn",최지수 기자(cjis0324@sbs.co.kr)
문화일보,"‘청담동 주식부자’ 이희진 형제, 이번엔 코인사기 혐의로 구속영장",2023.09.13. 오전 11:58,"			‘청담동 주식 부자’로 유명해진 뒤 불법 주식거래로 실형을 살았던 이희진(37) 씨가 이번에는 그의 동생 이희문(35) 씨와 함께 코인 관련 사기 혐의로 구속될 위기에 놓였다. 서울남부지검 가상자산범죄 합동수사단은 12일 이 씨 형제에 대해 사기, 특정경제범죄가중처벌 등에 관한 법률 위반(배임), 범죄수익은닉법 위반 등의 혐의로 구속영장을 청구했다고 13일 밝혔다.검찰에 따르면 이들은 허위 과장 홍보와 시세조종 등을 통해 ‘피카(PICA)’ 등 가상화폐 3종목의 가격을 끌어올린 뒤 고가에 매도해 임의로 사용하거나 은닉한 혐의를 받는다. 피카는 미술품을 ‘조각 투자’ 방식으로 공동 소유할 수 있다고 ‘피카프로젝트’가 홍보하고 발행한 가상화폐다. 코인의 사업 관리와 감독업무를 총괄한 직원 C(34) 씨에 대해서는 사기 혐의로 구속영장이 청구됐다.검찰은 이 씨 형제를 코인 시세조종 혐의로 지난달 9일 구속 기소된 피카프로젝트 공동대표 송모(23) 씨와 성모(44) 씨의 공범으로 보고 있다. 앞서 검찰은 피카에 투자금을 유치하고 상장하는 과정에서 이 씨 형제가 시세조종 등에 관여했다고 보고 이들을 피의자 신분으로 소환 조사했다.  ",조율 기자(joyul@munhwa.com)
뉴시스,"여주시, 9월 정기분 재산세 497억 부과",2023.09.13. 오후 2:15," 여주시청[여주=뉴시스] 이준구 기자 = 경기 여주시는 13일 올해 9월 정기분 재산세로 토지분 479억5000만원, 주택2기분 17억5000만 원 등 모두 497억원을 부과하고 고지서 발송을 완료했다.토지분 재산세는 매년 6월 1일을 기준으로 주택의 부속토지를 제외한 일반 토지에 대하여 과세하고 주택분 재산세는 재산세 본세액이 10만원 미만일 경우에는 7월에 전액 부과하며, 10만원 이상일 경우에는 7월과 9월에 2분의 1씩 나누어 두 번 부과된다.올해 재산세 납부기한은 추석연휴 및 임시공휴일 지정으로 16일부터 10월 4일까지며 납부고지서 없이도 전국 모든 금융기관의 CD/ATM 기기에서 통장, 현금카드, 신용카드로 조회 납부가 가능하다.이밖에도 인터넷지로(www.giro.gor.kr), 스마트고지서 및 가상계좌이체, 여주시 세입통합 ARS전화(031-887-3800) 등을 이용, 편리하게 재산세를 납부할 수 있다.",이준구 기자(caleb@newsis.com)
뉴스1,코레일 “국민편익 역행하는 철도노조 파업 철회” 촉구,2023.09.13. 오후 2:12,"정당성·명분 없는 파업 강행 시 '엄정 대응'SRT와 KTX 열차가 정차해 있다. /뉴스1 DB (대전=뉴스1) 김기태 기자 = 한국철도공사(코레일)가 14~18일 총파업을 예고한 전국철도노동조합에 “명절을 앞두고 국민을 불안케 하는 파업을 즉시 철회하라”고 촉구했다.13일 코레일은 “철도노조의 수서행 KTX 운행 요구 등은 정부의 정책사항으로 노사교섭이나 파업 대상이 될 수 없다”며 “정당성과 명분 없는 파업 강행 시 법과 원칙에 따라 엄정 대응할 것”이라고 밝혔다.이어 ""그동안 극한 호우, 폭염 및 태업으로 인한 열차지연과 운행 중단으로 불편을 겪어온 국민들에게 또다시 파업으로 불편을 가중시키는 것은 국민 불신을 키우는 행위""라며 ""노동조합이 주장해온 국민 편익 증진 및 공공성 확대에도 역행하므로 노동조합의 현명한 결단이 필요하다""고 요구했다.아울러 “지금은 파업이 아니라 노사가 힘을 합쳐 안전하고 편안한 열차운행으로 국민 신뢰를 회복하는데 집중할 때”라고 강조했다.한문희 사장은 “마지막 순간까지 노사 간 대화와 협상을 통해 사태가 해결되도록 최선의 노력을 하겠다”며 “가용자원을 전부 활용하고 철저한 비상수송대책을 시행해 국민 불편을 최소화하며 안전한 열차운행에 전력을 다하겠다”고 밝혔다.		",김기태 기자 (presskt@news1.kr)
KBS,“새만금 예산 삭감 정부 규탄”…김제 시의원들 ‘삭발’,2023.09.13. 오후 12:51,"			[KBS 전주]김제시의원 11명은 오늘(13일) 오전 임시회를 끝낸 뒤 청사 본관에서 정부의 새만금 예산 대폭 삭감을 규탄하며 삭발을 단행했습니다.  이들은 '김제는 분노한다'는 문구를 새긴 검은 리본을 매단 채 ""새만금을 살려내라""는 구호를 외쳤습니다.  새만금 잼버리가 유종의 미를 거두지 못한 데 대해 ""정부가 일말의 반성도 없이 전북에 책임을 뒤집어 씌우고 있다""며, 더는 전북을 희생양 삼지 말 것을 촉구했습니다.",박재홍 (pressp@kbs.co.kr)
서울신문,"선문대, ‘대학혁신’ 최고 등급",2023.09.12. 오후 3:39,"학생 맞춤형 혁신성과 분야, ‘S등급’ 획득다전공·전공 탐색 교과 등 운영선문대 전경. 서울신문DB선문대학교(총장 문성제)는 교육부가 발표한 ‘2023년 대학혁신지원사업 1차 연차평가’에 학생 맞춤형 혁신성과 분야에서 최고등급인 ‘S등급’을 획득했다고 12일 밝혔다.대학혁신지원사업은 대학이 자율 형식으로 교육·연구·산학협력·평생교육 등의 역량을 강화할 수 있도록 지원하는 교육부의 대규모 재정지원사업이다.117개 대학이 참여하는 이번 평가는 △교육혁신 전략 △핵심 교육성과 △자체 성과지표 등 3개 영역을 중심으로 평가 후 기본 지원 사업비와 추가 인센티브를 지원한다.선문대는 이번 평가에서 교육혁신 전략 ‘S등급’, 자체 성과지표 ‘B등급’으로 기본 지원 사업비 약 51억 원, 인센티브 약 44억 원 등을 확보했다선문대는 재학 초기 무학과 입학제도 도입과 학생의 교육 선택권 확대를 위한 기초 소양 교육 교육과정 개편, 학사제도 유연화 등에서 매우 우수 평가를 받았다.선문대는 내년부터 특수 영역 학위를 포함한 부전공과 2전공의 다(多)전공, 1학년 대상 공통 기초, 전공 계열 기초, 전공 탐색 교과 운영, 전공선택을 위한 진로지도 교수제, AI 어드바이저 등을 운영할 계획이다.선문대 대학혁신지원사업 권진백 단장은 “혁신의 키워드는 ‘학생 성공’. 대학혁신지원사업을 통해 수요자인 학생 중심의 대학 혁신을 계속해서 추진하겠다”고 말했다.		",아산 이종익 기자
아시아경제,'마약양성·흉기위협' 람보르기니 운전자 구속영장 신청,2023.09.13. 오전 8:27,"			약물에 취한 채 주차 문제로 시비가 붙자 상대방을 흉기로 위협한 30대 남성에 대해 경찰이 구속영장을 신청했다.서울 강남경찰서.13일 서울 강남경찰서는 A씨에 대해 특수협박, 도로교통법상 무면허운전 등 혐의로 구속영장을 신청했다고 밝혔다. 구속 전 피의자 심문(영장실질심사)은 이날 오후 3시30분 서울중앙지법에서 열릴 예정이다.A씨는 전날 오후 4시30분께 서울 강남구 논현동에서 람보르기니 차량을 주차하다가 시비가 붙은 상대방을 흉기로 위협하고 달아났다. 이후 차량을 타고 도주했고, 오후 7시40분께 강남구 신사동에 있는 음식점 앞에서 붙잡혔다.A씨는 마약 간이시약 검사에서 필로폰·MDMA(엑스터시)·케타민 양성 반응이 나왔다. A씨는 사건 발생 직전 병원에 들러 수면 마취 시술을 받은 것으로 전해졌다.",임춘한 기자 choon@asiae.co.kr
한국일보,서울 수돗물 1인 가구가 가장 많이 써… 50대가 최대,2023.09.13. 오후 2:01,"1인 가구가 4인 가구보다 36% 더 사용게티이미지뱅크서울시민 중 1인 가구가 가장 많이 물을 쓰는 것으로 나타났다.서울시는 1인 가구 증가를 비롯해 가구원 수 변화가 수돗물 사용에 어떤 영향을 주는지 장기 수요를 예측하기 위해 2021년 한 해 동안 51만 가구, 123만 명의 수돗물 사용량을 분석한 결과를 13일 공개했다.조사결과, 가구원 수에 따른 1인당 하루 평균 수돗물 사용량은 1인 가구가 264리터(L)로 가장 많았다. 2인 가구는 218L, 3인 가구 192L, 4인 가구는 170L를 사용했다. 함께 사는 식구가 많아질수록 1인당 물 사용량은 줄어, 4인 가구가 1인 가구보다 약 36％ 덜 썼다. 세탁이나 설거지 등에 공동으로 물을 사용하기 때문으로 분석된다. 1인 가구 중에서도 50대가 하루 평균 288L로 가장 많은 수돗물을 쓰는 것으로 조사됐다. 성별로는 남자(257L)보다 여자(270L)의 사용량이 조금 더 많았다. 연령과 성별에 따른 물 사용 변동 폭은 1인 가구 여자의 경우 가장 많이 쓰는 50대(316L)와 가장 적게 쓰는 20대(238L) 간에 78L가 차이 나는 반면 남자의 변동 폭은 14L였다.서울시 제공1인 가구는 주택 규모가 커질수록 수돗물 사용량도 상대적으로 더 증가했다. 20∼30평(66~99㎡) 아파트에 거주하는 1인 가구는 하루 평균 330L를 써 10평(33㎡) 미만 아파트 거주자(216L) 보다 52%(148L) 많았다. 동일한 주거 면적과 유형의 3인 가구는 142L에서 187L로 31％(45L) 늘었다. 서울시상수도사업본부는 1, 2인 가구가 증가하는 추세에 맞춰 수돗물 생산계획을 세우고, 향후 폭염이나 출퇴근, 휴일로 인한 유동 인구 변화 등 다양한 요인을 심층 연구해 보다 정교하게 수돗물 수요를 예측할 계획이다.",박민식 기자 (bemyself@hankookilbo.com)
중앙일보,‘누가 이 사람을 모르시나요’ 부른 가수 곽순옥 별세,2023.09.13. 오전 10:07,"  1960년대 영화 '남과 북'의 주제가로 쓰인 노래 '누가 이 사람을 모르시나요'를 부른 원로 가수 곽순옥이 지난 12일 별세했다고 유족이 전했다. 사진 유족 제공=연합뉴스           이산가족의 애환을 담은 노래 ‘누가 이 사람을 모르시나요’를 부른 원로 가수 곽순옥이 지난 12일 세상을 떠났다. 91세.1932년 만주 지린성 출생인 고인은 한국 전쟁 이전에 남한으로 넘어와 1951년 미8군 가수로 데뷔했다.      1964년 분단의 슬픔과 이산가족의 애타는 심경을 그린 대표곡 ‘누가 이 사람을 모르시나요’를 발표하며 큰 인기를 얻었다.      이 곡은 라디오 연속극 ‘남과 북’의 주제가로 쓰이며 처음 알려졌고, 1965년 동명의 영화 ‘남과 북’에도 삽입됐다.      당시 영화와 함께 노래도 크게 흥행했으며 패티김, 문주란, 장사익 등 여러 가수가 다시 부르며 오랜 기간 사랑받았다. 특히 패티김이 부른 버전은 1983년 ‘KBS 특별생방송 이산가족을 찾습니다’의 주제가로 쓰이며 '국민가요'로 떠올랐다.      1960년대 영화 '남과 북'의 주제가로 쓰인 노래 '누가 이 사람을 모르시나요'를 부른 원로 가수 곽순옥이 지난 12일 별세했다고 유족이 전했다. 사진 유족제공=연합뉴스       당시 원곡자인 고인도 해당 방송에 특별 출연해 이 노래를 부르기도 했다.      고인은 1965년 홍콩으로 떠난 이후 미국·한국 등을 오가며 거주했으며 별다른 음악이나 방송 활동은 하지 않았다. 2021년에는 뇌 수술을 받고 회복 중인 근황이 한 방송 프로그램을 통해 전해지기도 했다.      빈소는 고려대 안암병원장례식장 203호에 마련됐으며 발인은 14일 오후 3시다.   ",배재성 기자 hongdoya@joongang.co.kr
세계일보,"韓 '식객'과 만난 日 '고독한 미식가'… ""김치는 한국 것이 최고"" ""'마약김밥'도 맛있더라""",2023.09.13. 오후 2:28,"			“한국과 일본은 바로 옆나라인데도 (음식 문화 등) 차이점이 많다. 그래서 교류를 많이 해야하는데 음식이나 관광을 통해 (서로) 유대 관계 높일 아이디어 없을까.”(허영만)     “서로의 음식문화를 잘 알아가는 것도 방법이라고 생각한다. 함께 맛있는 거 먹으면서 싸우는 사람은 없지 않나.”(쿠스미 마사유키)        허영만(왼쪽) 작가와 쿠스미 마사유키 작가가 13일 서울 종로구의 한 한식당에서 만나 인사를 나누고 있다. 문화체육관광부 제공    한국과 일본의 음식(문화) 이야기를 각각 만화 ‘식객’과 ‘고독한 미식가’로 맛깔스럽게 풀어낸 허영만(76) 작가와 쿠스미 마사유키(久住昌之·65) 작가가 13일 서울 종로구의 한 한옥에서 만났다. 문화체육관광부가 음식을 통해 한·일 문화관광 교류를 활성화하는 방안의 하나로 양국의 음식만화를 대표하는 두 사람을 불러 마련한 대담 자리다. ‘식객’과 ‘고독한 미식가’는 드라마나 영화로도 만들어져 인기를 끌었다.      허영만과 1박 2일 일정으로 방한한 쿠스미 마사유키(이하 쿠스미)는 이날 한·일 양국의 다른 음식문화 등을 주제로 대화하면서 양국 고유의 음식과 현지 맛집에 대한 관심이 관광 등 한·일 교류 활성화에 큰 도움이 될 것이라는 데 공감했다.     화기애애했던 대담은 허영만이 묻고 쿠스미가 답하는 식으로 진행됐다. 그에 앞서 쿠스미가 ‘식객’ 만화책을 집어들며 “일본에는 아직 1권만 나와서 1권을 읽었다”고 하자 허영만은 “일본에서 책이 안 팔려 1권만 내고 그만 뒀다”며 웃었고, 다시 쿠스미는 “이제부터 많이 팔릴 것”이라고 덕담을 건넸다.     -허영만 : “돈가스와 카레 등 일본은 외국에서 들어온 음식을 일본화하는 데 재주가 좋은 것 같다. 외국에 가면 카레를 일본 음식으로 여길 정도다. 우리나라는 차별화를 따지는데 일본은 안 따지는 것 같다.”     -쿠스미 : “김치는 한국 것이 맛있다. 일본 김치는 맛 없어요. 배추가 달라서인가.”     -허영만 : “우리 아내와 일본 친구 집에 갔다가 채소 밭이 있어서 아내가 김치를 담주고 왔다. 그런데 아내가 하는 말이 ‘일본 배추와 무는 물기가 많아서 맛이 없을 것 같다’고 하더라. 일본은 화산이 많고 토질이 우리(한국)와 달라서 그런가보다.”     -쿠스미 : “그럴 것 같다.”     -허영만 : “한국 관광이라는 게 보는 것도 있지만 먹는 게 많은 부분을 차지한다. 한국에 오면 뭘 먹고 싶은가.”     -쿠스미 : “김치다. 최근 부산에서 먹은 김치가 맛있었다. 묵은지라서 굉장히 시었지만 맛있었다. 그것만 있어도 밥을 다 먹겠더라.”     -허영만 : “나는 일본에 가면 (현지) 가정식을 먹고 싶은데 민간인을 만날 일이 없어 (아쉽다.)”     -쿠스미 : “어렸을 때 집 형편이 안 좋았는데, 그 당시 (어머니가) 아침식사마다 소금으로 담근 장아찌를 주셨다. 그걸 먹으면서 계절을 느낄 수 있었다. 가지가 나오면 ‘곧 여름방학이 오겠구나’, 겨울이면 무나 배추, 오이 장아찌가 나오고. 특히 그 장아찌는 바로 먹지 않으면 맛 느끼기가 어렵다.”     -허영만 : “결국 어머니 음식이네. 일본 가정식 파는 요리점은 없나.”     -쿠스미 : “그렇게 많지는 않고. 연세 많으신 할머니가 운영하는 가게들을 가면 가정식을 먹을 수 있을 것이다.”     -허영만 : “한국에 지금까지 네 번 왔다던데, 일본 사람에게 추천할 만한 식당이 있었나.”     -쿠스미 : “5년 전 왔을 때 굉장히 맛있는 삼겹살 집에 갔었다. 생배추에 김치와 삼겹살을 얹어 먹었는데 정말 맛있었다. 일본에 없는 방식이었는데, 젊은 사람들에게 추천하고 싶더라.”     -허영만 : “세계 어느 나라에 가도 한국처럼 메인(음식) 나오기 전 반찬이 쫙 깔리는 데가 없다. (한국은 또 음식을 추가로) 달라면 더 많이 준다. 일본의 한 수산시장 갔을 때 초밥을 먹는데 된장국을 ㅗ조금만 줘서 더 달라했더니 돈을 내라고 하더라. 일본은 그런 게 한국과 다르다. 어떻게 생각하나.”     -쿠스미 : “(그런 한국의 음식문화가) 저한테는 천국이 따로 없다. 그렇게 나오는 김치 등 반찬을 아주 좋아한다. (한국에 오면) 반찬을 먹느라 배 불러서 매인(음식)을 못 먹을 정도다. 밥도둑이다. 한국 분들은 그렇게 많이 드시는데 왜 살이 안 찌시는지 궁금하다.”     -허영만 : “내가 그런 질문을 많이 받는다. (음식 먹는) 방송 5년 진행하는데 왜 살이 안찌느냐고. 체질인가 싶은데, 가만 보면 (한국 음식은) 살찌는 게 적다. 탄수화물 밥이 있지만 단백질 많지 않아. 거의 풀이고.”        허영만(왼쪽) 작가와 쿠스미 마사유키 작가가 13일 밝은 표정으로 대화하고 있다.     -쿠스미 : “이렇게 두 나라가 가까운데도 다른 부분, 우리가 몰랐던 부분이 많구나 느낀다. 한국에서는 깻잎을 많이 드시더라. 우리(일본)는 차조기와 시소를 먹는데.(깻잎은 안 먹는다). 한국에선 (생선)회도 깻잎에 싸서 먹으면 맛있다고 하는데.”      -허영만 : “(한·일 양국이) 음식문화를 비교하면서 접근하는 것도 교류 활성화에 도움이 될 것 같은데.”      -쿠스미 : “서로 맛있는 것 먹으며 점점 더 알게 되면 사이가 좋아질 것이라고 생각한다.     비싸거나 희귀한 음식을 대접하는 거 말고 (싸지만 맛있는 거 먹으면서) 한국인은 먹지만 일본인은 안 먹는 깻잎 이야기, 식당에서 미리 밥을 (그릇에) 담아두는 한국과 달리 일본은 손님 오면 퍼서 주는 차이 등을 안다는 것도 교류 증진에 도움이 될 것 같다.”     -허영만 : “일본에서도 시험 볼 때 금기하는 음식이 있나. 미역국 안 먹는다든가, 계란을 깨지 않는다든가.”     -쿠스미 : “하하. 특별히 없는 듯하다. 있을 수도 있지만 저는 특별히 신경 쓰지 않아서. 어제 ‘마약김밥’을 먹었는데 맛있었습니다. 그런 이름 붙여도 되는 건가. 일본은 무서워서 못 붙이는데.”     -허영만 : “흔히들 음식을 두고 그 나라의 문화라고 하는데, 요즘 음식은 사람과 문화를 하나로 이어주는 나비효과를 불러 일으키는 거 같다. 한·일의 음식 교류와 한국의 미식 여행을 다시 한 번 부탁 드린다. 한국 음식도 많이 소개해주고. 나도 일본 음식 많이 소개하겠다.”     -쿠스미 : “좋은 말씀이다. ‘형님 감사합니다. 다음엔 코가 비틀어지게 먹어봅시다.”",이강은 선임기자 kelee@segye.com
뉴스1,목요일까지 최대 100㎜ '굵은 가을비'…주말까지 강수 계속,2023.09.13. 오후 12:15,"오전에만 100㎜ 넘게 쏟아진 지역도14일까지 기압골 영향…15일부터 저기압·온난다습 수증기 영향비가 내린 3일 서울 남산을 찾은 시민들이 우산을 쓰고 산책로를 걷고 있다. 기상청은 이날 전국이 흐리고 가끔 비가 내리겠다고 밝혔다. 2023.9.3/뉴스1 ⓒ News1 박세연 기자(서울=뉴스1) 황덕현 기후환경전문기자 = 수요일인 13일 오후부터 전국으로 확대돼 내릴 비는 목요일인 14일 오전까지 최대 100㎜를 뿌린 뒤 그치겠다.13일 기상청에 따르면 기압골과 동풍 영향으로 전국에 비가 내리고 있다.오전 11시30분까지 일 누적 강수량은 강원 고성에 106.5㎜, 강릉 79.0㎜, 완도 54.0㎜, 양양 50.5㎜ 등이다.기상청에 따르면 14일까지 경기 남부에 20~60㎜, 그밖의 수도권에 10~40㎜, 강원 영동에 30~80㎜(많은 곳 100㎜ 이상), 강원 영서에 20~60㎜(많은 곳 남부 70㎜ 이상), 충청권 20~60㎜(많은 곳 70㎜ 이상), 전라권 10~60㎜(많은 곳 전라해안 70㎜ 이상), 경상권 10~60㎜(많은 곳 경북 북부 내륙, 경남 해안, 울릉도·독도 70㎜ 이상), 제주에 10~40㎜의 비가 내릴 것으로 예상된다.강원 영동에는 시간당 20~40㎜의 집중호우가 내리는 곳이 있겠다.비가 내리는 지역과 해상에는 돌풍과 함께 천둥·번개가 치는 곳이 있겠다.최정희 기상청 예보분석관은 ""가시거리가 짧아지고 도로가 미끄러운 곳이 있겠다""며 ""안전사고에 각별히 유의할 것""을 당부했다.이번 비는 14일 아침부터 수도권에서 그치기 시작해 오후가 되기 전에 전국에서 그치겠다.비는 금요일인 15일부터 주말까지 다시 내린다. 예상 강수량은 아직 발표되지 않았다.14일까지 비가 기압골 영향 때문이라면, 15일부터의 비는 북쪽의 대륙 고기압과 아열대 고기압 사이로 유입되는 온난다습한 수증기와 저기압 영향으로 내리겠다.중기예보에 따르면 이는 17일 오후에 대부분 그치겠다. 다만 다음 주 화요일인 19일까지 날이 대체로 흐리거나 구름이 많을 것으로 예상돼 비가 내리는 기간이 좀 더 길어질 가능성이 있다.비가 내리는 동안 기온이 다소 내려가면서 낮 기온은 20도대로 떨어지겠다. 그럼에도 평년과 비교하면 다소 기온이 높은 상태로 유지되겠다.		",황덕현 기후환경전문기자 (ace@news1.kr)
매일경제,100년 세월넘어 부활한 조선공주 혼례복…RM의 조용한 후원 덕봤다,2023.09.13. 오전 9:16,"			국립고궁박물관 ‘활옷 만개’특별전조선왕실 혼례복 110여점 5개월 복원LA미술관 소장품·복온공주 혼례복도방탄소년단(BTS) 리더 RM이 지난해까지 2년 연속 1억원씩 국외소재 문화재 보존처리에 써달라고 기부한 결과물이 대중 앞에 처음 소개된다. 미국 로스앤젤레스 카운티미술관(LACMA)이 소장한 조선왕실 여성 혼례복인 활옷이 5개월간 복식 전문가 손을 거쳐 풀칠 배접과 해진 상태가 손질되어 한국의 전통미를 세계에 뽐낼 준비를 갖췄다.문화재청 국립고궁박물관은 15일부터 12월 13일까지 박물관 2층 기획전시실에서 이 활옷을 포함해 공주, 옹주, 군부인(왕자의 부인) 등 왕실 여성들이 입었던 활옷 9점 등 관련 유물 총 110여 점을 선보이는 특별전시 ‘활옷 만개(滿開)-조선왕실 여성 혼례복’을 개최한다.조선 전기 국가기록물에 홍장삼(紅長衫)으로 기록된 활옷은 고유 복식의 전통을 이은 긴 겉옷으로, 치마와 저고리 등 여러 받침옷 위에 착용하는 조선왕실의 여성 혼례복이다. 사치를 배격했던 조선시대에 유일하게 화려한 자수와 가장 진한 붉은 빛깔로 귀한 대홍(大紅) 염색, 아름다운 금박 등 많은 노력을 들여 제작됐고, 민간 혼례에서도 착용이 허락됐던 옷이다. 활옷의 대홍 염색은 8월에 피는 홍화(紅花)로 수십 번 염색하는 까다로운 과정을 거쳐 귀한 색으로 꼽힌다.전시 대표작으로는 현존 활옷 중 유일하게 착용자가 확인된, 순조의 둘째 딸 복온공주(1818~1832)의 활옷(1830년, 국립고궁박물관 소장) 등 국내 활옷 3점과 미국 LACMA와 필드 박물관, 브루클린 박물관, 클리블랜드미술관 등 국외 소장 활옷 6점이 꼽힌다. RM 도움으로 보존처리된 LACMA 활옷은 20세기 초 제작된 것인데 복온공주 활옷보다는 가로 길이가 13㎝가량 짧은 172㎝이고 세로는 127㎝로 비슷해, 왕실보다 민간 혼례에서 사용됐을 가능성이 거론된다. 이번 전시이후 미국으로 돌아간다.전시는 총 2부로 구성된다. 먼저 1부에서는 △긴 홍색 옷 홍장삼(紅長衫)과 활옷 △가례(嘉禮), 아름다운 왕실의 혼례 △공주, 궁을 떠나다 3개 주제로 나눠 왕실 여성들의 의례복, 혼례복과 왕실 문화를 확인할 수 있다. 특히 왕비, 왕세자빈의 혼례절차인 육례(六禮)와 비교해 간소한 절차로 치렀던 공주·옹주의 사례(四禮)와 이 중 활옷을 착용했던 동뢰(혼례의 마지막 절차)를 각종 문헌과 혼례 물품 등 관련 자료를 통해 소개했다.유일하게 현존하는 박물관 소장의 대형 왕실 혼례 핵심 공간인 ‘교배석(交拜席·신랑 신부가 맞절로 식을 시작하는 자리)’도 영상으로 생생하게 확인할 수 있다. 또 활옷의 자수 무늬를 비교 감상할 수 있도록 국립고궁박물관과 국립중앙박물관, 클리블랜드 미술관 등에서 소장 중인 총 6점의 국내외 활옷과 민간 혼례에서 착용됐던 사진을 함께 소개한다.2부 ‘여러 손길로 정성스레 만든 활옷’에서는 상의원(尙衣院) 등 관청과 장인을 중심으로 온갖 재료를 조달하고 각 재질이나 작업에 따라 세분화되어 완성되는 활옷의 제작과정과 LACMA 소장 활옷이 적외선 촬영조사부터 표면 오염물 제거, 습식 세척, 구김제거, 손상직물 보강 등을 거쳐 보존처리되는 과정도 볼 수 있다.활옷 등에 활용됐던 ’덕온공주(순조의 셋째딸) 홍장삼 자수본(1837년)‘도 조선 왕실 자수의 섬세함과 우수함을 드러내는 유물이다.이밖에도 하의만 5벌, 상의 3벌에 달하는 여러 받침옷을 착용한 후 걸치는 겉옷 활옷의 차림과정 영상을 흥미롭게 만날 수 있다. 활옷 제작 장인의 작업 영상과 활옷 자수를 모티브로 한 미디어아트 등도 보고 활옷에 사용되는 실과 직물 등 기본재료로 활옷 작업 공간을 연출하는 등 평소 접근하기 어려웠던 전통 복식을 쉽게 이해하도록 했다. 전시와 연계해 왕실문화 강연과 어린이 활옷 체험교육도 마련됐다.문화재청 관계자는 “이번 전시를 통해 국민이 조선왕실 여성들의 혼례 문화에 대해 한층 더 깊이 이해할 수 있는 계기가 되기를 기대한다”고 밝혔다. LACMA소장 활옷 앞면.(20세기 초),  127.0×172.0㎝  <국립고궁박물관> LACMA소장 활옷 뒷면(20세기 초),  127.0×172.0㎝  <국립고궁박물관> LACMA활옷 보존처리 과정 중 손상직물 보강과정. <국립고궁박물관>",이한나 기자(azure@mk.co.kr)
KBS,오늘 전국에 비…강원 영동에 강한 비 [출근길 날씨],2023.09.13. 오전 6:30,"오늘은  전국 곳곳에 비가 내려 때늦은 더위가 수그러들겠습니다. 한낮엔 서울 기온이 24도 등으로 어제보다 3~6도 정도나  낮겠습니다. 현재 레이더 영상을 보면  서해상에서 비구름이 다가와  강원과 충청, 호남 곳곳에 비가 내리고 있고요, 특히, 강원 동해안과  전남 담양은  호우특보가 내려진 가운데, 세찬 비가 쏟아지고 있는데요, 강원 영동 지역은  내일 새벽까지 강한 비를 주의해야겠습니다. 오늘은  전국에서 비가 이어지다가 중부지방의 비는 내일 낮에 대부분 그치겠습니다. 남부지방은 내일도  비가 계속되겠습니다. 내일까지 예상되는 비의 양은 대부분 지방에서  10~80mm, 강원 영동은  최대 100mm가 넘게 오는 곳이 있겠습니다. 비가 내릴 땐  돌풍이 불고 벼락이  치는 곳도 있겠습니다. 현재 기온은  서울 23.4도, 부산 24.5도로  어제보다 1~2도 정도 높고요, 낮 기온은  춘천 23도, 대전 24도,  대구 27도로  25도 안팎에 머물러  예년 이맘때보다 조금  낮겠습니다. 바다의 물결은  모든 해상에서 1m 안팎으로  잔잔하겠지만,  돌풍이 불고 벼락이 치는 곳이 있겠습니다. 금요일에는  다시 전국에 비가  오겠습니다. 비는 일요일까지  길게 이어지겠습니다. 날씨 전해드렸습니다. 최현미 기상캐스터/그래픽:최다애■ 제보하기▷ 전화 : 02-781-1234, 4444▷ 이메일 : kbs1234@kbs.co.kr▷ 카카오톡 : 'KBS제보' 검색, 채널 추가▷ 네이버, 유튜브에서 KBS뉴스를 구독해주세요!",최현미 (choihm@kbs.co.kr)
KBS,"“왜 고은만 갖고 이러나”던 실천문학사, 반년 만에 시집 판매 재개",2023.09.13. 오후 1:39,"실천문학사 홈페이지 갈무리.지난 1월 성추행 논란으로 공급이 중단됐던 시인 고은(90) 씨의 시집 '무의 노래'가 판매 재개됐습니다.출판계 등에 따르면 실천문학사는 지난 7월 말부터 시중에 '무의 노래'의 공급을 재개한 것으로 알려졌습니다.이는 지난 1월 17일 실천문학사가 공식 입장문을 내고 해당 시집의 공급을 중단한 지 6개월여 만입니다.앞서 고 씨는 2017년 말 최영미 시인의 폭로로 상습 성추행 논란에 휩싸였습니다. 이듬해 혐의를 부인하며 최 씨 등을 상대로 손해 배상 소송을 냈지만, 1심과 2심에서 모두 패소하자 상고하지 않았습니다.이후 성추행 폭로 5년 만인 지난해 12월 새 시집과 대담집을 통해 활동을 재개했으며, 제대로 된 사과나 해명 없이 문단에 복귀한 데 대해 비판이 일자 시집 공급이 중단됐습니다.당시 실천문학사는 ""이번 사태로 인해 심려를 끼쳐드린 분들께 출판사 대표로서 깊이 사과드린다""고 밝혔지만, 지난 4월부터 여러 차례 설문 조사 등을 통해 출간·판매의 당위성을 주장해 추가로 논란이 일었습니다.[연관 기사][단독] ‘고은 시집 사과한다’더니…3개월 만에 “언론이 공격·억압”(2023.04.23)https://news.kbs.co.kr/news/view2.do?ncd=7658592실천문학사 “왜 고은 시집만 가지고 이러나…언론이 2차 피해 줄 수도”(2023.04.25)https://news.kbs.co.kr/news/view2.do?ncd=7660276윤한룡 실천문학사 대표는 지난 6월 KBS 취재진의 질의에 ""지은 죄는 마땅한 징벌을 받아야 하지만, 전과자라고 표현의 자유를 박탈하고 차별하는 것이 옳느냐""며, ""시집을 낸다고 문단 권력이 회복된다고 생각하지 않는다""라는 입장을 밝히기도 했습니다.한편 고 씨는 시집 판매 재개 직후인 지난 7월 26일 경기도 양평에서 자신의 구순을 축하하는 문집 헌정 행사에도 참석한 것으로 전해졌습니다.■ 제보하기▷ 전화 : 02-781-1234, 4444▷ 이메일 : kbs1234@kbs.co.kr▷ 카카오톡 : 'KBS제보' 검색, 채널 추가▷ 네이버, 유튜브에서 KBS뉴스를 구독해주세요!",강푸른 (strongblue@kbs.co.kr)
뉴시스,"장욱진 ""그림처럼 정확한 내가 없다”…덕수궁미술관서 회고전",2023.09.13. 오후 2:41,"60년 만에 발굴한 장욱진 최초의 가족도 1955년작 '가족' 공개유화, 표지화와 삽화, 도자기 그림 등 270여 점 전시[서울=뉴시스] 박진희 기자 = 국립현대미술관은 양주시립장욱진미술관과 공동주최로 '가장 진지한 고백: 장욱진 회고전'을 개막을 앞둔 13일 서울 중구 국립현대미술관 덕수궁에서 기자간담회를 갖고 전시작 '까치집'을 선보이고 있다. 이번 회고전은 작가 장욱진(1917-1990) 연구와 전시들을 되짚어 보며, 1920년대 학창 시절부터 1990년 작고할 때까지 약 60년간 꾸준하게 펼쳐 온 작가의 미술 활동을 총망라한 유화, 먹그림, 매직펜 그림, 판화, 표지화와 삽화, 도자기 그림 등 270여 점을 한 자리에서 선보이는 전시이다. 전시는 내일부터 내년 2월 12일까지. 2023.09.13. pak7130@newsis.com[서울=뉴시스] 박현주 미술전문 기자 = 전시 제목 ‘가장 진지한 고백’은 ""그림처럼 정확한 내가 없다”고 말한 장욱진의 언급에서 착안됐다.화가 장욱진(1917~1990)은 그의 화문집(畵文集) '강가의 아틀리에' 서문에서 밝혔듯이 참된 것을 위해 뼈를 깎는 소모까지 마다하지 않는 진솔한 자기 고백으로 창작에 전념했다. 그림 그리는 시간의 대부분을 방바닥에 쪼그려 앉아 수공업 장인처럼 그렸다. 이렇듯 지속적이고 일관된 그의 창작 태도는 작품에서도 드러난다. 장욱진은 60여 년 화업 인생 동안 제한된 몇 가지 소재들을 반복해서 그렸다. 재료를 가리지 않는 자유로움과 하나의 고정된 틀에 얽매이지 않는 창작 태도로 끊임없이 변화를 시도했다. 그의 이러한 열정 덕분에 서양화를 기반으로 한국적 모더니즘을 창출하고 한국미술사의 새로운 장을 연 화가를 평가를 받고 있다.[서울=뉴시스] 박진희 기자 = 국립현대미술관은 양주시립장욱진미술관과 공동주최로 '가장 진지한 고백: 장욱진 회고전' 전시 전경. 2023.09.13. pak7130@newsis.com국립현대미술관(MMCA, 관장직무대리 박종달)이 14일 덕수궁에 개막한 '가장 진지한 고백: 장욱진 회고전'은 장욱진의 60여 년 화업 인생을 총망라해 보여준다.  양주시립장욱진미술관(관장 이계영)과 공동주최로 마련된 전시다.1920년대 학창 시절부터 1990년 작고할 때까지 손댄 유화, 먹그림, 매직펜 그림, 판화, 표지화와 삽화, 도자기 그림 등 270여 점을 한 자리에서 조망할 수 있다. 특히 이번 전시를 준비하며 60년 만에 일본에서 발굴된 장욱진 최초의 가족 그림인 1955년작 '가족'을 최초 공개한다. 또한 장욱진의 생전 마지막 작품인 '까치와 마을'(1990)이 최초로 전시되며, 그가 처음 그린 표지화 초안과 더불어 한국 전쟁 후 가족의 생계를 위해 그렸던 '국제신보'「새울림」 (글 염상섭, 삽화 장욱진) 삽화 56점 전체도 최초로 공개된다.[서울=뉴시스] 박진희 기자 = 국립현대미술관은 양주시립장욱진미술관과 공동주최로 '가장 진지한 고백: 장욱진 회고전'을 개막을 앞둔 13일 서울 중구 국립현대미술관 덕수궁에서 기자간담회를 갖고 전시작 '자화상'(1973)을 선보이고 있다. 2023.09.13. pak7130@newsis.com“사람마다 내 그림을 보고는 그림의 설명을 요구해 온다. 그림을 그리는 누구도 그렇겠지만, 나는 항상 무엇인가를 생각하고 있다. 그 생각이란 게 그림의 발상(發想)으로 되는 것은 물론이다. 이 생각이 좋고 나쁜 것으로 그림의 됨됨이 또한 결정되기도 한다. 나의 생각이란 것은 무어 특이한 것은 아니다. 외부에서 오는 여러 가지 포름(forme)을 재구성하는 일이다. 즉 산만한 외부 형태들을 나의 힘으로 통일시키는 일이다. … 한 작가의 개성적인 발상과 방법만이 그림의 기준이 된다. 그러나 지금까지 있었던 질서의 파괴는 단지 파괴로서 결말을 지어서는 안 된다. 개성적인 동시에 그것은 또한 보편성을 가진 것이 아니어서는 안 된다. 그러니까 항상 자기의 언어를 가지는 동시에 동시대인의 공동한 언어임을 또한 망각해서는 아니 된다. 이런 점이 오늘날 작가들의 고민이 아닐 수 없다.”(장욱진, 「발상과 방법」, 『문학예술』, 1955.6.)[서울=뉴시스] 박진희 기자 = 장경수 양주시립장욱진미술관 명예관장(장욱진 화가의 장녀)이 13일 서울 중구 국립현대미술관 덕수궁에서 열린 국립현대미술관-양주시립장욱진미술관 공동주최 '가장 진지한 고백: 장욱진 회고전' 기자간담회에 참석하여 부친 장욱진 화가의 작품 '가족' 살펴보고 있다. 2023.09.13. pak7130@newsis.com[서울=뉴시스] 박진희 기자 = 국립현대미술관은 양주시립장욱진미술관과 공동주최로 '가장 진지한 고백: 장욱진 회고전'을 개막을 앞둔 13일 서울 중구 국립현대미술관 덕수궁에서 기자간담회를 갖고 전시작 '나무'를 선보이고 있다.2023.09.13. pak7130@newsis.com국립현대미술관은 ""이번 전시에서는 특히 장욱진 관련 아카이브를 통해 일제강점기와 한국 전쟁 이후 미술단체와 전람회 활동을 포함하여 새롭게 밝혀진 장욱진의 초기 행적 및 기존에 알려진 작품명과 연보의 오류를 바로잡은 연구 성과를 공개한다""고 밝혔다. 장욱진의 조형 언어와 행적을 미술사적으로 규명함으로써, ‘동심 가득하고, 작고, 예쁜 그림’이라는 단편적인 평가를 넘은 장욱진 예술의 진면목을 총체적으로 파악할 수 있게 선보인다.전시는 시청각장애인을 위한 음성해설 및 수어해설, 점자책과 큰 글자 감상 자료 제공된다. 또 장욱진 작품을 보고 만지며 소통할 수 있는 교육자료로 개발된 '촉각 그림책'이 전시실 내에 비치됐다. 전시는 2024년 2월12일까지.",박현주 미술전문 기자(hyun@newsis.com)
세계일보,“라흐마니노프가 살아있다면 푸틴과 전쟁을 반대했을 것”…여성 지휘자로 새 역사 쓰는 옥사나 리니우 인터뷰,2023.09.13. 오전 10:40,"이탈리아 볼로냐 시립극장 첫 여성 음악감독, 바이로이트 축제 첫 여성 지휘자고국 우크라이나의 전쟁 피해 참상과 평화 메시지 적극 전파“공습에 방공호 숨는 14살 우크라이나 바이올리니스트…끔찍한 상황”“전쟁 이후 음악관 달라져. 음악이 더이상 추상적인 게 아니라 직접적 문제 돼” “이제는 더이상 음악이 추상적인 것이 아니라 나의 직접적인 문제가 돼버렸어요. 예를 들어 베르디의 ‘레퀴엠’을 연주한다면 유명한 걸작이어서 하는 게 아니라 당연히 (전쟁) 희생자들을 생각하며 연주하게 됩니다.”      우크라이나를 대표하는 여성 지휘자 옥사나 리니우(45)는 ‘지난해 초 발발한 러시아·우크라이나 전쟁 이후 음악관이 달라졌냐’는 질문에 “그렇다”며 이렇게 말했다. 첫 내한무대를 닷새 앞둔 12일 서울 예술의전당 N스튜디오에서 기자들과 만난 리니우는 “전쟁으로 친구가 죽고, 건물이 무너지고, 매일 죽음을 경험하니까 그걸 멈추게 하고 싶었다”며 “어떻게 사람을 없애려 할 수 있는지, 한 나라가 다른 나라를 폭격할 수 있는지, 그것 자체가 이해가 안 된다”고도 했다.     우크라이나 출신 지휘자 옥사나 리니우. 국립심포니오케스트라 제공    전 세계에 전쟁의 참상과 평화의 메시지를 전하는 데 적극 목소리를 내온 리니우는 지난해 이탈리아 볼로냐 시립극장 259년 역사상 최초의 여성 음악감독으로 취임하는 등 여성 지휘자로 새 역사를 써내려가고 있다. 2004년 구스타프 말러 국제 지휘콩쿠르에서 3위에 오른 그는 독일 뮌헨 바이에른 국립오페라에서 키릴 페트렌코의 보조지휘자, 오스트리아 그라츠 오페라와 필하모니 상임지휘자를 지냈다. 또 객원지휘자로 베를린 슈타츠카펠레, 바이에른 방송교향악단, 뮌헨 필하모닉 등 세계적인 교향악단과 무대에 올랐다. 특히, 2021년 독일 바이로이트 페스티벌에서 이 축제 145년 역사상 최초의 여성 지휘자로 데뷔 무대(바그너의 ‘방황하는 네덜란드인’)를 성공적으로 마치며 세계 클래식계를 깜짝 놀라게 했다.       2016년 우크라이나 청소년 교향악단을 만들어 예술감독까지 맡는 등 모국에 대한 애정이 각별한 리니우는 오는 17일 예술의전당 콘서트홀에서 선보일 내한 공연 첫곡으로 국립심포니오케스트라와 함께 자국 작곡가 예브게니 오르킨(46)의 ‘밤의 기도’를 들려준다. 그가 오르킨과 작업해 만든 이 음악은 전쟁 희생자들을 기리는 곡으로 지난 3월 독일 베를린에서 우크라이나 청소년 교향악단과 세계 초연했다.     13∼23세 청소년으로 구성된 이 악단은 피난민처럼 유럽을 떠돌며 공연하고 있다. 전쟁 중 살해당한 우크라이나 시인이 쓴 시를 가사로 한 칸타타를 최근 벨기에 브뤼셀에서 우크라이나 합창단과 공연하기도 했다.      우크라이나 출신 지휘자 옥사나 리니우. 국립심포니오케스트라 제공    리니우는 “(연주)투어 일정으로 독일에서 2주간 지낼 때, 단원 중 14살 바이올리니스트가 있었는데, 여기(독일)에 와서 뭐가 좋으냐고 물으니 ‘안전하게 지낼 수 있어서 좋다’고 답했다”며 “키이우에서 온 이 친구가 ‘최근 일주일간 공습이 없던 날이 하루도 없었다. 방공호에 숨어 지내지 않고 친구들과 연주할 수 있어 좋다’고 했다”고 전했다.     그는 이어 “단원들을 보면 아버지가 전사하고, 집이 폭격당해 없어지는 등 가슴 아픈 이야기들을 갖고 있다”며 “나 역시 전쟁 이후 한 번도 우크라이나를 방문하지 못했다. 어머니와 통화하면 우실 때가 많다. 끔찍하고 슬픈 상황”이라고 말했다.     그러면서 “예술은 단순한 오락의 도구가 아니라 세계에서 당장 일어나는 일들에 대한 성찰이다. 그 문제에 관해 이야기하고, 질문하고, 답을 구하는 과정”이라며 “예술은 그 자체가 영혼을 치유하는 힘이 있다”고 덧붙였다.      다만 리니우는 러시아의 우크라이나 침공에 대한 비판으로 차이콥스키, 스트라빈스키, 라흐마니노프 등 러시아 작곡가들의 작품을 배척해야 한다는 주장들에 대해선 반대 입장을 분명히 했다. “작곡가들의 작품은 한 나라에 속한 것이 아니라 세계가 공유하는 인류 유산이에요. (러시아 대통령) 푸틴의 음악이 아닙니다. 오래전 돌아가신 분들의 음악을 국가별로 나눠 배제하는 건 옳지 않다고 봐요. 라흐마니노프도 지금 살아있다면 이 전쟁과 푸틴에 대해 분명히 반대했을 겁니다.”     우크라이나 출신 지휘자 옥사나 리니우. 국립심포니오케스트라 제공    그는 이번 공연 대미를 장식할 곡으로 라흐마니노프의 교향곡 2번을 고른 것과 관련, “이 곡은 단테의 ‘신곡’을 연상하게 한다. 개인적으로 영혼의 구원과 연대를 통한 구원 등의 메시지를 전하는 ‘신곡’에 영감을 많이 받았다”며 “세계에는 빛과 어둠처럼 선과 악이 있고, 중간은 없다. 우리는 끊임없이 선과 연결되는 것을 찾아야 한다. 미래에 대한 중요한 질문”이라고 설명했다.      리니우가 이번에 아르메니아 출신 바이올리니스트 세르게이 하차투리안(38)과 손잡고 들려줄 러시아 작곡가 아람 하차투리안(1903~1978)의 바이올린 협주곡은 우크라이나 항구도시 오데사에 있는 사람들에게 바치는 곡이라고 한다. 그는 “최근 폭격으로 오데사 음악원 건물이 망가지고 유네스코 문화유산으로 등재된 건물도 손상을 당했다. 많은 것이 파괴되는 걸 보는 건 끔찍한 경험”이라며 “이것에 대해 사람들이 의식할 수 있도록 예술가들은 평화의 메시지를 내는 게 중요하다”고 강조했다.      리니우는 남성들이 주도권을 쥔 보수적인 클래식 음악계의 ‘유리천장’을 깨부숴온 인물로도 평가받는다. 그는 “지금은 여성 지휘자들이 제법 보이지만, 내가 학생이었을 때는 여자가 나혼자뿐이었다. 교수도 모두 남자였다”며 “하지만 최근에는 국제 무대에서 성공한 여성 지휘자가 많이 나오고 있다. 독일에서 한국의 여성 지휘자 김은선(미국 샌프란시스코오페라 음악감독)과 함께 공부한 적도 있다”고 말했다. 이어 “나도 여성 부지휘자를 키우고 있다. 여성 지휘자들을 지원한다는 의미”라고 덧붙였다.",이강은 선임기자 kelee@segye.com
매일경제,"아이폰 금지하자…애플, 中에 '일자리' 선물",2023.09.12. 오후 5:48,"현지공장 신규인력 확충 속도시간당 급여 최저시급 웃돌아사용금지 규제에 당근책 내놔중국에 있는 세계 최대 아이폰 공장이 아이폰15 출시를 앞두고 지속적으로 인력을 확충하고 있다. 애플의 중국 내 고용 기여도가 큰 상황에서 최근 아이폰 사용 금지령을 내린 중국 당국이 어떤 행보를 보일지 주목된다.12일 사우스차이나모닝포스트(SCMP)에 따르면 전날 애플 아이폰 위탁생산업체 폭스콘 정저우 공장은 부품 생산인력에 보너스로 1인당 6480위안(약 118만원)을 제공한다는 공고를 내걸었다. 신규 인력은 그다음 날 미국 캘리포니아에서 열리는 출시 행사에서 공개되는 아이폰15를 포함한 애플의 신제품 공급에 기여할 것으로 보인다. SCMP는 성공적인 신제품 출시를 목표로 하는 애플이 지정학적 긴장과 다른 업체 간 경쟁 속에서 지난해 중국 공장에서 발생했던 것과 같은 공급망 불안을 겪지 않길 바라고 있다고 분석했다.폭스콘은 지난해 중국 당국의 제로 코로나 정책 여파로 생산인력이 잇따라 이탈하고 공장 가동이 중단되면서 아이폰14 출시가 지연된 바 있다. 폭스콘은 지난 6월 공장에서 이탈했다가 복귀하는 직원에게 8000위안(약 145만원)의 보너스를 제공하는 등 인력 확충에 공을 들여왔다. 그럼에도 여전히 정저우 공장 등에서는 채용난이 이어지고 있다.사실 폭스콘 정저우 공장의 아이폰 사업 부문 시간당 급여는 정저우시 최저 시급을 크게 웃돈다. 다른 지역 폭스콘 청두 공장에서도 터치 스크린, 디스플레이 모듈 등의 생산인력에게 시급 32위안(약 5800원)을 지급하는데, 이는 청두시 최저 시급의 1.5배 수준인 것으로 알려졌다. SCMP는 이것이 최근 아이폰 생산공장이 베트남, 인도 등으로 분산되고 있음에도 중국이 여전히 애플의 주요 생산 기지라는 점을 뜻한다고 분석했다.중국 정부는 최근 중앙정부 공무원을 대상으로 아이폰 사용 금지령을 내렸다. 다른 국영기업과 기타 정부 기관으로 금지령이 확대될 조짐이 보이자 지난 6일 미국 월스트리트저널(WSJ)은 중국이 미국의 견제에 맞대응하고 있다고 보도했다. 다만 WSJ는 ""애플에 중국이 필요한 만큼 중국도 애플이 필요하다""고 지적했다. 중국에서 애플 관련 업무에 종사하고 있는 근로자는 100만명이 넘는 것으로 알려져 있다.  [신윤재 기자]",신윤재 기자(shishis111@mk.co.kr)
한국일보,"미국 국방부 “북한, 사이버 공간에서 범죄·간첩활동...안보에 위협”",2023.09.13. 오전 9:46,"사이버 전략 공개…북·중·러 ‘위협’으로 지목 “사이버 공간 방어 위해 동맹과의 협력 확대”패트릭 라이더 미국 국방부 대변인이 1일 워싱턴 국방부 청사에서 일일 브리핑을 진행하고 있다. 워싱턴=AP 뉴시스미국 국방부가 북한을 해킹 등 사이버 활동으로 자국 안보를 위협하는 국가로 지목했다. 그러면서 사이버 공간 방어를 위해 동맹과의 협력을 확대하겠다는 전략을 12일(현지시간) 발표했다.국방부는 이날 ‘2023 국방부 사이버 전략 공개본’을 발표하며 “사이버 공간 작전은 미국과 동맹 군사력의 필수적 부분”이라고 밝혔다. 북한, 이란, 폭력적인 극단주의 단체 등 악의적인 사이버 주체들이 미국의 기술과 군사 우위를 약화시키려 하는 가운데, 이를 격퇴하는 게 국방부의 필수 과업이라는 것이다.특히 북한은 그간 사이버 공간에서 다양한 첩보 작전 및 범죄를 저질러 왔다고 언급됐다. 국방부는 “북한은 랜섬웨어, 암호화폐 지갑 해킹과 관련된 악의적인 사이버 활동을 지속했다”며 “북한과 연계된 사이버 주체들은 여러 국가의 방산기업, 언론, 학계와 다양한 정부 관련 표적을 상대로 간첩 작전도 진행했다”고 말했다. 또한 북한이 러시아, 이란 등의 나라처럼 미국에 금전 보상을 노리고 접근하는 초국가적 범죄집단이나 핵티비스(정치·사회적 목적을 위해 활동하는 해커), 사이버 용병 등에게 도피처도 제공한다고 지적했다.중국과 러시아도 북한과 함께 사이버 활동으로 미국 안보에 위협이 되는 나라로 꼽혔다. 국방부는 중국에 대해 “위험한 사이버 역량을 타국에 수출하고, 미국과 그 동맹의 기술을 탈취하는 등 폭넓고 만연한 스파이 위협을 가한다”고 봤다. 러시아에 대해서는 “러시아가 우크라이나의 군 보급을 방해하고 민간 시설을 파괴하며, 사기를 꺾는 데 사이버 역량을 활용했다”고 분석했다. 그리고 두 나라가 위기에 몰리거나 물리적으로 충돌할 때, 미국과 동맹에도 파괴적인 사이버 공격을  쏟을 가능성이 크다고 짚었다.미국 국방부는 “주요 기반 시설과 방위산업을 사이버 공격으로부터 보호하고, 사이버 공간에서 지속적인 우위를 확보할 수 있도록 자체 역량을 키우겠다”며 “이 과정에서 동맹과의 협력을 강화하겠다”고 밝혔다.",이유진 기자 (iyz@hankookilbo.com)
서울경제,"컴투스홀딩스, '빛의 계승자: 이클립스’ 글로벌 출시",2023.09.13. 오후 2:23,"신작 RPG[서울경제] 컴투스홀딩스(063080)는 신작 모바일 판타지 역할수행게임(RPG) '빛의 계승자: 이클립스'를 글로벌 정식 출시했다고 13일 밝혔다. 미국, 동남아, 유럽 등 전세계 170여개국에 선보이며 영어, 일본어, 태국어 등 10개 언어를 지원한다. '빛의 계승자: 이클립스'는 '빛의 계승자' 지식재산권(IP) 판타지 세계관을 기반으로 새로운 이야기을 담았다. 이 게임은 펀플로가 개발하고 컴투스(078340)홀딩스가 서비스한다.서번트 상성을 고려해 최상의 시너지를 내는 나만의 덱을 구성하고 전략적으로 배치하는 것이 핵심이다. 길드원과 함께 보스를 토벌하는 '길드 던전', 다른 유저와 대결을 펼치는 'PvP 대전' 등 다양한 콘텐츠로 전략적 재미와 역동적인 플레이를 경험할 수 있다.컴투스홀딩스는 출시 기념 다양한 이벤트를 준비했다. 게임에 접속만 해도 '골드'와 '에픽 등급 서번트' 등 보상을 받을 수 있다. '원정대의 첫 발걸음'과 '정화 7일' 이벤트로 각종 미션을 수행하고 '캐럿'과 '소환석 상자' 등 다채로운 아이템을 획득할 수 있다.",김성태 기자(kim@sedaily.com)
중앙일보,"손흥민, 팬 셀카 거절…""아이폰은 안 돼요"" 만지지도 않는다 왜",2023.09.12. 오후 3:52,"  잉글랜드 프리미어리그(EPL) 토트넘에서 활약 중인 손흥민이 팬들의 셀카 요청에 대응하는 태도가 화제를 모으고 있다.       지난 11일 숏폼 플랫폼 틱톡에 아이폰으로 사진을 찍어달라는 팬의 요청을 두 손 모아 거절하는 손흥민의 모습이 담긴 영상이 올라왔다. 영상에는 ‘손흥민은 계약 때문에 아이폰을 잡을 수 없다’는 자막이 달렸다. 아이폰을 가진 팬은 스스로 기기를 조작해 손흥민과 사진을 찍었다.      팬과 셀카를 찍는 손흥민. 사진 틱톡 캡처       손흥민은 갤럭시를 사용하는 팬의 요청에는 직접 팬의 휴대폰을 조작해 사진을 찍었다. 덕분에 팬은 손흥민의 7번 유니폼을 펼친 채 손흥민과 기념사진을 찍을 수 있었다.      이같은 손흥민의 행동은 삼성전자 갤럭시의 브랜드 앰배서더 활동 때문인 것으로 보인다. 지난 7월 인천국제공항을 통해 출국한 손흥민의 손목에선 당시엔 공개되지 않았던 ‘갤럭시워치6’가 포착됐다. 이후 삼성전자는 손흥민이 착용했던 스마트워치가 갤럭시워치6가 맞다고 인정하면서 손흥민이 갤럭시 브랜드 앰배서더로 활동한다고 공식 발표했다.      잉글랜드 프로축구 프리미어리그에서 활약하는 손흥민이 새 시즌 준비를 앞두고 지난 7월 14일 오전 인천국제공항 제1터미널을 통해 출국하고 있다. 연합뉴스       손흥민은 삼성 갤럭시 브랜드 앰배서더가 된 후 인스타그램 계정을 통해 정기적으로 제품을 홍보하고 있다. 그는 “갤럭시 Z 플립이 처음 나왔을 때 정말 갖고 싶었고, 그때부터 스마트폰과 태블릿·시계까지 모두 갤럭시로 바꾸게 됐다”며 “기기 간 연동이 자유로워 매우 편리하다”고 말했다.  ",이해준 기자 lee.hayjune@joongang.co.kr
헤럴드경제,[영상]“130g 플라스틱 손이 100kg 번쩍 들었다” 못하는게 없는 만능 ‘로봇손’ 정체는,2023.09.13. 오후 12:03,"- KIST, 직조 구조 모방한 소프트 로봇 그리퍼 개발KIST가 개발한 로봇 그리퍼가 90kg 아령을 번쩍 들어올리고 있다.[KIST 제공][헤럴드경제=구본혁 기자] 천, 종이, 실리콘과 같은 부드럽고 유연한 소재를 활용해 만든 소프트 로봇 그리퍼(Gripper)는 계란과 같이 깨지기 쉬운 물체를 다루는 가사용 로봇이나 다양한 형태의 물건을 운반하는 물류용 로봇을 위해 연구되고 있다. 하지만 적재 용량이 낮아 무거운 물체를 들어올리기가 어렵고, 파지(grasping) 안정성이 떨어져 약한 외부 충격에도 물체를 놓치기 쉬웠다.한국과학기술연구원(KIST) 지능로봇연구단 송가혜 박사 연구팀은 한국과학기술원(KAIST) 항공우주공학과 이대영 교수팀과 함께 130g의 소재로 100kg 이상의 물체를 파지할 수 있는 직조 구조의 소프트 그리퍼를 공동 개발했다고 밝혔다.연구팀은 소프트 로봇 그리퍼의 적재 용량을 높이기 위해 새로운 소재를 개발하거나 구조를 보강하는 기존 방식과 달리 직물에서 착안한 새로운 구조를 적용했다. 연구팀이 주목한 직조 기술은 낱개의 실을 단단히 얽어 견고한 직물을 만드는 기술로, 무거운 물건을 안정적으로 지지할 수 있어 수 세기에 걸쳐 의류, 가방 및 산업용 직물 등에 활용되고 있다. 연구팀은 얇은 PET플라스틱 띠들이 직조 구조로 얽히고 풀어질 수 있도록 설계해 그리퍼를 제작했다.로봇 그리퍼가 골프공, 카드를 집어들고 있다.[KIST 제공]이렇게 제작된 직조 구조의 그리퍼는 130g의 무게로 100kg의 물체를 파지할 수 있다. 같은 무게의 기존 그리퍼는 최대 20kg 이내를 들어 올릴 수 있었고, 동일한 무게를 들어 올릴 수 있었던 그리퍼는 무게가 100kg에 달하는 점을 고려했을 때 자체 무게 대비 적재 용량을 월등히 증가시키는 데 성공했다.또한 연구팀이 개발한 소프트 로봇 그리퍼는 재료 단가가 수천 원에 불과한 플라스틱을 사용하며, 다양한 형상과 무게의 물체도 파지가 가능한 범용 그리퍼로 활용할 수 있어 높은 가격 경쟁력을 가지고 있다. 뿐만 아니라 플라스틱 띠를 체결하는 방식만으로 소프트 로봇 그리퍼의 제작이 완료되기 때문에 제작공정이 10분 이내로 간단하고 교체 및 유지보수도 쉬워 공정 효율성이 뛰어나다.송가혜 KIST 선임연구원.[KIST 제공]한편 연구팀이 주재료로 활용한 PET 외에도 탄성을 보유한 고무 및 화합물 등의 다양한 재료로도 제작할 수 있어 강한 파지 성능이 필요한 산업 및 물류 현장이나 극한 환경을 견뎌야 하는 다양한 환경에 적합한 그리퍼를 맞춤 제작, 활용할 수 있다.송가혜 박사는 “이번에 개발된 직조 구조의 그리퍼는 소프트 로봇의 강점이 있으면서도 강성 그리퍼 수준으로 무거운 물체를 움켜쥘 수 있다”면서 “동전부터 자동차까지 다양한 크기로 제작할 수 있으며, 얇은 카드부터 꽃에 이르기까지 여러 가지의 형태와 무게의 물체를 파지할 수 있어 소프트 그리퍼를 필요로 하는 산업, 물류, 가사 등의 분야에서 활용가능할 것”이라고 말했다.이번 연구 결과는 국제학술지 ‘네이처 커뮤니케이션즈’ 8월 2일 게재됐다.",구본혁 nbgkoo@heraldcorp.com
SBS Biz,폰번호 알려줘도 카톡 친구 안 뜬다…'자동친구 추가' 옵션 도입,2023.09.13. 오후 12:06,"[사진=카카오]카카오톡에서 전화번호를 저장하더라도 이제부터 '친구' 목록에 추가되지 않습니다.카카오가 오늘(12일) 메신저 어플리케이션 카카오톡에 '전화번호로 친구 추가 허용' 옵션을 도입했습니다. 카카오톡을 최신버전(v10.3.5)으로 업데이트한 이용자는 카카오톡 설정 내 프로필 관리 영역에서 '전화번호로 친구 추가 허용' 옵션을 활성화할 수 있습니다. 옵션을 비활성화하면 다른 사람이 내 전화번호를 연락처에 가지고 있거나 전화번호를 검색해 친구 추가를 시도해도 친구 추가가 되지 않습니다.해당 옵션을 비활성화한 이용자를 친구로 추가하기 위해서는 '친구 추가' 버튼을 클릭해 카카오톡 ID를 입력하거나 친구 추가용 QR 코드를 스캔해야 합니다. 또는 카카오톡 단체채팅방에서 친구의 프로필을 클릭해 친구를 추가할 수 있습니다. 이번 옵션은 카카오가 진행하고 있는 '카톡이지' 프로젝트의 일환입니다. 앞서 카카오는 이용자의 대화 스트레스, 부담을 줄이기 위한 취지로 지난 5월부터 '조용히 나가기', '조용한 채팅방' 등 다양한 개선 기능들을 추가한 바 있습니다. 실험실 기능이었던 '말풍선 더블탭 공감 기능'이 정식 기능으로 반영됐고 카카오톡 내 저장 여유공간도 손쉽게 관리할 수 있게 됐습니다. 최신 버전으로 업데이트한 이용자들은 설정 내 저장공간 관리에서 보유한 채팅방별 데이터 크기를 확인할 수 있으며, 보유한 캐시/미디어 데이터를 일괄 관리할 수 있습니다.당신의 제보가 뉴스로 만들어집니다.SBS Biz는 여러분의 제보를 기다리고 있습니다.홈페이지 = https://url.kr/9pghjn",이민후 기자(who@sbs.co.kr)
헤럴드경제,429만원 삼성 ‘명품폰’ 출시하자마자 ‘대박’…11만명 몰렸다,2023.09.13. 오전 10:28,명품 브랜드 톰브라운과 협업한 제품추첨 판매에 7시간 동안 11만명 응모‘갤럭시 Z 폴드5 톰브라운 에디션’ [삼성전자 홈페이지 캡처][헤럴드경제=이영기 기자] 삼성전자가 내놓은 초고가의 명품 브랜드 협업 폴더블폰이 완판됐다. 429만원의 가격에도 11만명이 몰렸다.13일 삼성전자에 따르면 12일 오전 10시부터 오후 5시까지 삼성전자 홈페이지를 통해 진행된 ‘갤럭시 Z 폴드5 톰브라운 에디션’ 추첨 판매에 약 11만명이 응모했다.삼성전자와 톰브라운 브랜드가 협업해 제작한 스페셜 에디션은 한정된 수량으로 출시돼 추첨을 통해서만 구매할 수 있다. 삼성전자는 과거 운영했던 다양한 스페셜 에디션이 순식간에 완판됐던 것을 고려해 갤럭시 톰브라운 에디션의 경우 온라인 추첨 방식을 도입했다.‘갤럭시 Z 폴드5 톰브라운 에디션’의 당첨자 발표는 13일 오전 9시에 ‘삼성 닷컴’을 통해 진행됐다. 당첨자는 오늘 오전 9시부터 오후 2시까지 삼성닷컴에서 제품을 구매할 수 있다. 제품 배송은 14일부터 순차적으로 진행된다.,이영기 20ki@heraldcorp.com
연합뉴스,"한미사이언스 ""비만 전주기 맞춤형 치료제 순차 공개""",2023.09.13. 오후 2:22,"그룹사 미래 성장 동력 '비만 관리'…'H.O.P'로 프로젝트 브랜딩한미사이언스[한미사이언스 홈페이지 캡처](서울=연합뉴스) 김현수 기자 = 한미그룹 지주회사 한미사이언스는 비만 치료와 예방, 체중 감소 이후 관리에 이르기까지 비만의 전주기 영역에서 도움을 제공하는 맞춤형 치료제들을 순차적으로 선보일 계획이라고 13일 밝혔다.    한미사이언스는 그룹사의 미래를 위한 성장 동력으로 '비만 관리'를 선정했으며, 비만 프로젝트를 'H.O.P'(Hanmi Obesity Pipeline)로 이름 지어 맞춤형 포트폴리오를 구축할 계획이라며 이같이 전했다.    H.O.P 프로젝트는 글루카곤 유사 펩타이드-1(GLP-1) 비만 치료제로 개발 중인 '에페글레나타이드', GLP-1와 에너지 대사량을 높이는 '글루카곤', 인슐린 분비와 식욕 억제를 돕는 GIP를 동시에 활성화하는 차세대 삼중작용제(LA-GLP·GIP·GCG)를 포함한 5종의 치료제로 구축했다고 한미사이언스는 설명했다.    한미사이언스는 비만 치료제 사용 시 환자들의 라이프 스타일과 투약 안전성에 대한 고려가 반드시 이뤄져야 하는 만큼 이에 대한 설루션을 제공할 수 있는 디지털 치료제를 개발하고, 먹는 형태의 GLP-1 제제 개발에도 나설 계획이라고 전했다.    한미사이언스는 ""H.O.P는 영어로 '폴짝 뛰다'란 의미가 있고, 불어로는 격려하거나 무언가를 뛰어넘으려 할 때 '자, 어서'를 뜻하는 감탄사로도 쓰인다""며 ""H.O.P 프로젝트가 창립 50주년을 맞아 또 다른 비상을 준비하는 한미의 새로운 성장 동력이 될 것으로 기대한다""고 말했다.    hyunsu@yna.co.kr",김현수(hyunsu@yna.co.kr)
국민일보,"김정은 만난 푸틴, 40초간 악수하며 “만나서 기쁘다”",2023.09.13. 오후 1:28,"러 보스토니치 우주기지서 재회김정은, 푸틴 초청에 감사 표시푸틴 “우리의 새로운 우주기지”김정은(오른쪽) 북한 국무위원장과 블라디미르 푸틴 러시아 대통령이 13일(현지시간) 러시아 극동 아무르주 보스토치니 우주기지에서 만나 대화하고 있다. AFP연합뉴스김정은 북한 국무위원장과 블라디미르 푸틴 러시아 대통령이 4년5개월 만에 재회했다.러시아 타스통신은 13일(현지시간) “김 위원장과 푸틴 대통령이 러시아 아무르주 보스토니치 우주기지에서 만났다”고 보도했다. 푸틴 대통령은 40초간 악수하며 “만나서 기쁘다. 이곳이 우리의 새로운 우주기지”라고 말했고, 김 위원장은 초청에 대한 감사를 표했다고 타스통신은 전했다.김 위원장과 푸틴 대통령의 재회는 2019년 4월 러시아 연해주 블라디보스토크에서 만난 뒤 4년5개월 만에 이뤄졌다. 당초 김 위원장의 목적지는 이날까지 사흘간 동방경제포럼을 연 러시아 연해주 블라디보스토크로 지목됐다.하지만 지난 10일 오후 북한 평양에서 출발한 김 위원장의 열차는 블라디보스토크를 거치지 않고 러시아 극동에서 북쪽으로 향했다. 보스토치니 우주기지는 중국 북동부 끝과 가까운 러시아 극동 아무르주에 있다. 블라디보스토크에서도 북쪽으로 멀리 떨어진 곳이다.김 위원장과 푸틴 대통령은 무기 거래를 포함한 군사 협력을 논의할 것으로 보인다. 1년6개월을 넘긴 우크라이나와 전쟁에서 무기 부족을 겪는 푸틴 대통령이 북한 군수품 지원을 김 위원장에게 요청할 수 있다.김 위원장은 군사정찰위성 관련 기술, 대륙간탄도미사일(ICBM) 재진입 기술, 잠수함발사탄도미사일(SLBM) 관련 기술을 푸틴 대통령에게 요구할 것으로 보인다.김정은 북한 국방위원장의 탑승 차량 행렬이 13일(현지시간) 러시아 극동 아무르주 보스토치니 우주기지로 진입하고 있다. 로이터연합뉴스김정은(오른쪽) 북한 국무위원장과 블라디미르 푸틴 러시아 대통령이 13일(현지시간) 러시아 극동 아무르주 보스토치니 우주기지에서 만나 악수하고 있다. 로이터연합뉴스푸틴 대통령은 이날 북한의 인공위성 개발 지원에 대한 현지 취재진의 질문에 “그것이 우주기지에서 회담하는 이유”라고 말했다.북한은 김 위원장과 푸틴 대통령의 회담을 앞둔 이날 오전 동해상으로 단거리탄도미사일 2발을 쏴 무력 시위를 벌였다.우리 합동참모본부는 이날 “북한 순안 일대에서 동해상으로 오전 11시43분쯤부터 11시53분쯤까지 발사된 단거리탄도미사일 2발을 포착했다”고 밝혔다. 북한의 탄도미사일 발사는 지난달 30일 이후 14일 만의 일이다.김 위원장과 푸틴 대통령은 보스토치니 우주기지에서 회담을 마친 뒤 전투기 공장을 둘러볼 것으로 예상된다.일본 교도통신은 러시아 정부 소식통의 말을 인용해 “김 위원장과 푸틴 대통령이 회담한 뒤 러시아 하바롭스크주 산업도시 콤소몰스크나아무레의 수호이 전투기 생산 공장도 방문할 계획”이라고 보도했다.		",김철오 기자(kcopd@kmib.co.kr)
조선비즈,美 하원의장 “하원에 바이든 탄핵 조사 공식 지시”,2023.09.13. 오전 12:48,"매카시 美 하원의장. /AP연합뉴스        미국 공화당 소속인 케빈 매카시 하원의장이 하원에 조 바이든 대통령에 대한 탄핵 조사 착수를 공식적으로 지시했다.12일(현지 시각) 매카시 의장은 이날 소셜미디어 ‘엑스’(X·옛 트위터)에 올린 글에서 “지난 수개월간 하원의 공화당 의원들은 바이든 대통령의 행동, 즉 부패 문화에 대한 심각하고 믿을만한 혐의를 밝혀냈다”면서 이같이 설명했다.탄핵 조사(impeachment inquiry)는 탄핵 추진 가능성을 염두에 두고 진행되는 조사다. 다만 탄핵 추진을 위해 반드시 거쳐야 하는 헌법적 절차는 아니다.앞서 매카시 의장은 지난달 말에도 “지금까지 수집한 모든 정보를 살펴보면 탄핵 조사로 가는 것은 자연스러운 다음 수순”이라면서 바이든 대통령에 대한 탄핵 조사 가능성을 시사하기도 했다. 매카시 의장은 탄핵 조사가 필요한 이유로 “탄핵 조사는 의회가 필요한 모든 정보를 얻을 수 있는 최대의 법적 권한을 제공한다”고 했다.",김민국 기자 mansay@chosunbiz.com
파이낸셜뉴스,"日개각, '오부치의 딸' 최초 女총리 후보로 급부상",2023.09.13. 오후 2:34,"주요 파벌 핵심 대부분 유임 '삼두정치' 유지女각료 최다인 5인까지 확대오부치 유코 발탁 눈길 기시다 후미오 일본 총리 【도쿄=김경민 특파원】 기시다 후미오 일본 총리가 13일 개각을 단행했다. 기존 주요 파벌 라인을 대부분 유임시킨 가운데 여성 각료를 5명까지 늘렸다. 자민당 4역 중 한 자리에 '김대중·오부치 공동선언'으로 유명한 오부치 게이조 전 총리의 딸인 오부치 유코가 등용돼 최초의 차기 여성 총리 후보자로 급부상했다.   이날 기시다 총리는 당 본부에서 임시총무회·당임원회를 열어 전 각료의 사표를 수리하고 새 내각을 출범시켰다.   가장 관심을 모은 당4역 인사에서는 모테기 도시미쓰 간사장과 하기우다 고이치 정무조사회장은 연임하고, 오부치 유코 조직운동본부장(중의원)이 기용됐다. 기존 모리야마 히로시 선거대책위원장은 총무회장으로 이동했다.   총리를 제외한 내각 각료 19명 중 11명이 첫 입각했다. 여성 각료는 기존 2명에서 5명으로 늘어났다. 여성 각료 수는 2014년 9월 아베 신조 내각 때와 같은 역대 최다 수준이다.   외무상에 가미카와 요코 전 법무상이 발탁돼 2002년 고이즈미 내각 이후 20년 만에 여성 외무상이 배출됐다. 가미카와 외무상은 자민당에서 기시다파로 분류되는 인물이다.   또 방위상에 기하라 미노루, 환경상에 이토 신타로, 총무상에 스즈키 준지, 법무상에 고이즈미 류지, 문부과학상에 모리야마 마사히토, 후생노동상에 다케미 게조, 농림수산상에 미야시타 이치로, 경제재생상에 신도 요시타카, 국가공안위원장에 마쓰무라 요시후미가 임명됐다.    자민당 선거대책위원장에 기용된 오부치 유코 중의원 의원 니혼게이자이신문(닛케이)은 ""당내 기반 안정을 위해 제2파와 제3파를 이끄는 아소 다로 부총재와 모테기를 중추에 남겼다""며 ""제4파벌인 기시다파를 더한 '삼두정치'를 유지""하는 형태라고 분석했다.   자민당 내 최대 파벌인 아베파에서는 하기우다 정조회장과 마쓰노 히로카즈 관방장관 두 사람을 요직에 계속 등용했다.   닛케이는 ""선대위원장에 오르는 오부치는 모테기파 내에서 장래의 총재 후보로 거론된다""면서 ""당 4역 중 2개의 자리를 같은 파에 할당한 것은 '포스트 기시다'를 엿보는 모테기 간사장의 영향력을 떨어뜨리는 의미도 있다""고 지적했다.   현재 49세인 오부치 의원은 총리 재임 도중 갑자기 별세한 아버지의 지역구(군마현 제5구)를 물려받아 26세 때인 2000년 정계에 입문해 내리 8선에 성공했다.   제2차 아베 신조 내각 때인 2014년 중요 부처인 경제산업성의 수장을 맡았으나 정치단체의 허위 회계 의혹이 불거지면서 두 달 만에 사임했다.		",김경민 기자 (km@fnnews.com)
연합뉴스,"대만 前외교부장, 중국과의  ECFA 중단 가능성에 우려 표명",2023.09.12. 오후 4:00,"국민당 정부 출신 린융러 ""어떤 방법 동원해서라도 경제협력 강화해야""대만 최대 무역항인 가오슝 자유무역항[환구시보 캡처. 재판매 및 DB 금지]     (타이베이=연합뉴스) 김철문 통신원 = 중국이 대만과의 자유무역협정(FTA)격인 경제협력기본협정(ECFA) 중단 가능성을 시사한 데 대해 대만 전직 외교부장이  큰 타격이 우려된다며 강한 우려를 표시했다.    중국시보 등의 12일 보도에 따르면 린융러 전(前) 대만 외교부장(장관)은 전날 동남아영향력연맹(SIA)이 타이베이에서 개최한 '2023 지정학 정치 정상 포럼'에서  '인도·태평양지역 안전에 대한 대만의 중요성'이란 제목의 연설을 통해 이같이 우려했다.    린 전 부장은 국민당 소속 마잉주 총통의 집권 2기인 2012년부터 2016년까지 외교부장을 지냈다.    린 전 부장은 ""대만 독립 성향 민진당의 집권 이후 수출 시장의 다원화 노력에도 불구하고 대중국 수출 비율이 대외무역의 40% 이상에 이른다""며 중국이 대만과 2010년 체결한 ECFA의 관세 우선 인하 품목인 조기수확 리스트 항목 유예 방안을 조정하려 한다는 움직임도 전했다.    그러면서 ""대만의 경제 번영과 발전에 중국 시장이 매우 중요하므로 어떤 방법을 동원하더라도 경제적인 협력을 강화해야 한다""고 강조했다.     린 전 부장은 제1도련선(일본 쿠릴열도와 대만 동쪽, 필리핀 서쪽, 믈라카 해협을 잇는 가상의 선)의 중심인 대만이 최근 반도체 공급망의 핵심적 위치를 차지함에 따라 세계 각국이 대만해협의 안전을 중시하게 됐다고 강조하면서 ""중국과의 평화적 대화를 유지해 정세 오판을 피할 수 있도록 해야 한다""고 말했다.    내년 1월로 예정된 대만 총통선거가 다가오면서 중국의 ECFA 중단 위협 수위는 고조되고 있다.     중국 당국은 지난 4월 12일 대만의 중국 상대 무역 장벽에 대해 조사에 나섰다고 밝힌 데 이어 지난달 18일에는 대만의 무역 제한 조치가 세계무역기구(WTO)의 비차별 원칙과 수량 제한 철폐 원칙을 위반한 것으로 의심된다는 중간조사 결과를 발표했다.    중국 관변단체인 상하이 사회과학원 산하 대만연구원의 성주위안 원장도 ECFA가 중단되면 중국으로 수출되는 대만 상품에 매년 수십억 달러의 관세가 붙을 것이라며 대만의 대중국 수출 위축은 물론 경제 상황 악화로 이어질 것이라고 전망했다.     대만 외교가에서는 중국 당국이 지난달 발표한 중간조사 결과를 토대로 추가조사를 통해 대만 총통선거 직전에 대(對)대만 제재를 할 것이란 우려도 제기되고 있다.    jinbi100@yna.co.kr",김철문(jinbi100@yna.co.kr)
YTN,"안 사귀었는데 쌍둥이가 태어났다? ""머스크, 인구 감소 우려해 정자 기증""",2023.09.13. 오전 8:55,"EPA 연합뉴스 자료사진일론 머스크 테슬라 최고 경영자(CEO)와 시본 질리스(36) 뉴럴링크 임원 사이의 쌍둥이 자녀는 '정자 기증'을 통해 태어났다는 전기 내용이 공개됐다. 12일(현지 시각) 미국에서 출간된 월터 아이작슨의 전기 '일론 머스크'에 따르면 머스크는 자신이 설립한 회사 뉴럴링크의 임원 질리스와 다른 직원들에게 아이를 많이 낳으라고 권했다. 아이작슨은 ""머스크가 '출산율 하락이 인류의 장기적인 생존에 위협이 될 것'이라고 두려워했다""고 전했다. 또한, 질리스 역시 ""머스크는 똑똑한 사람들이 아이를 갖기를 원하기 때문에 내게 그렇게 하기를 권유했다""고 말했다. 그러나 아이작슨은 머스크와 질리스가 서로 사귀지는 않았으며 머스크가 정자 기증을 자청했다고 밝혔다. 이에 질리스가 동의하고 체외 수정을 통해 2021년 이란성 남녀 쌍둥이를 낳았다는 것이다. 질리스는 아이작슨에게 머스크는 아이들의 생물학적 아버지일 뿐이므로 아이들의 삶에서 큰 부분을 차지하지 않을 것으로 봤지만, 머스크가 아이들과 시간을 보내며 유대감을 형성하는 모습에 놀랐다고 증언했다. 한편 당시 이 사실을 몰랐던 머스크의 여자친구 그라임스(클레어 바우처)는 훗날 머스크에게 화를 냈다고 전해진다. 그라임스는 머스크와의 사이에서 첫 아이를 자연 출산한 후 둘째 아이는 대리모를 통해 낳았는데 질 리스의 임신·출산 시기와 겹쳐 한때 같은 병원에 입원해 있었기 때문이다. 또한, 최근 머스크가 그라임스와의 사이에서 셋째 아이를 얻은 사실이 공개되면서 머스크의 자녀는 총 10명으로 확인됐다. 		",곽현수(abroad@ytn.co.kr)
중앙일보,"""여자가 없어요"" 中 3000만명 독신男된다…남아 선호 사상 비극",2023.09.12. 오후 11:34,"  중국 단체 결혼식 모습. 신화통신=연합뉴스       남아 선호 사상의 영향으로 장기간 성비 불균형을 겪은 중국에서 3000만명의 남성이 배우자를 구하지 못해 피동적 독신이 될 처지가 될 수 있다는 주장이 제기됐다.      12일 경제관찰보 등 현지 매체에 따르면 중국인구학회 부회장인 위안신 난카이대 교수는 최근 한 언론 매체 인터뷰에서 “지난 40년간 중국은 심각한 성비 불균형을 겪었다”며 “이로 인해 3000만명 이상의 남성은 중국 여성을 아내로 맞이할 수 없는 처지”라고 밝혔다.      중국 통계 연감에 따르면 1982년 중국의 출생 성비(여자 100명 당 남자 수)는 108.5로, 적정 성비의 상한선으로 간주하는 107을 넘어섰으며 2004년에는 121.2까지 치솟았다.      이후 한 자녀만 허용하는 산아 제한 정책과 남아 선호 사상의 퇴조로 2021년 108.3까지 떨어졌지만, 성비 불균형은 여전한 상황이다.      또 1980년부터 2021년까지 출생 인구 7억9900만 명의 연간 평균 출생 성비는 114.4로, 42년간의 이 기간에 태어난 남성은 여성보다 3400만∼3500만명 많았다.      이는 이 기간에 태어난 남성 가운데 적어도 3000만명 이상이 중국 내에서는 배우자를 찾지 못해 원치 않는 독신으로 지내야 하는 것을 의미한다고 위안 교수는 분석했다.      위안 교수는 “이런 상황은 남성들이 배우자를 구하기 어려운 상황에 몰리면서 ‘차이리’(결혼식 때 신랑이 신부 측에 주는 지참금) 등 결혼에 드는 비용이 증가하고, 안정적인 가정 유지가 도전을 받게 돼 이혼 증가로 이어질 수 있다”고 우려했다.      또 “생리적 욕구를 해소하려는 독신 청장년기 남성들로 인한 치안 사건으로 사회적 안정을 해치고, 배우자나 후손이 없는 이들의 불안정한 노후 생활이 사회 문제가 될 수 있다”고 말했다.      중국의 한 산부인과 병원에서 간호사가 신생아를 돌보고 있다. AP=연합뉴스       아울러 그는 출생 성비가 정상으로 회복하는 데는 긴 시간이 걸리고, 자연스럽게 해소되지도 않는다고 지적하면서 “성비 불균형 해소를 위해 사회가 적극적으로 대응해야 하고, 국가 통합의 관리 모델을 통해 성비 불균형 문제를 해결해야 한다”고 강조했다.      작년 중국의 출생 인구는 956만명으로, 중국 공산당 정권이 수립된 1949년 이후 73년 만에 처음으로 1000만명을 밑돌았으며 올해는 800만명도 깨질 것이라는 관측이 나온다.      또한 작년 혼인 건수는 683만건으로 전년보다 80만건 줄면서 9년 전인 2013년(1346만건)보다 절반가량 급감했다.      젊은 층의 결혼 및 출산 기피로 ‘인구 절벽’에 직면한 중국에서 장기간 계속된 출생 성비 불균형이 새로운 사회 문제로 떠오르고 있다.  ",이지영 기자 lee.jiyoung2@joongang.co.kr
서울신문,日 “군사대국 러시아가 한 수 아래 북한에 지원 요청은 전대미문”,2023.09.12. 오후 2:32,日 관방장관 “북러회담 우려하며 주시 중”러시아로 향하는 김정은 - 김정은 국무위원장이 러시아연방을 방문하기위해 9월 10일 오후 전용열차로 평양을 출발했다고 조선중앙통신이 12일 보도했다. 연합뉴스김정은 북한 국무위원장이 12일 블라디미르 푸틴 러시아 대통령과 4년여만의 대면 정상회담을 위해 러시아를 찾자 일본 정부가 상황을 예의주시하고 있다.일본 정부 대변인인 마쓰노 히로카즈 관방장관은 이날 각의(국무회의) 후 기자회견에서 “북한의 무기와 관련 물자의 조달을 전면 금지하고 있는 유엔 안전보장이사회 결의 위반에 이어질 가능성과 러시아의 우크라이나 침략에 미치는 영향을 포함해 우려하며 주시하고 있다”고 말했다.이어 “계속해서 정보 수집과 분석을 실시하는 것과 동시에 안보리 결의의 완전한 이행을 포함해 미국과 한국을 비롯한 국제 사회와 긴밀히 공조할 것”이라고 덧붙였다.교도통신과 NHK 등 일본 주요 언론은 김 위원장의 이동 소식을 실시간 속보로 전하며 주목하고 있다. 특히 NHK는 김 위원장이 탔을 가능성이 있는 전용 열차를 촬영하는 등 관심을 보였다. 민영방송 TBS 계열 JNN은 러시아 지역 당국자를 인용해 김 위원장이 러시아 하산역에 도착했을 때 그를 환영하는 행사가 열렸다고도 전했다.일본 언론은 러시아가 우크라이나 전쟁을 계속하기 위해 고립을 각오하고 북한에 접근했다고 분석했다. 니혼게이자이신문은 “군사대국을 자부하는 러시아가 지위가 그보다 아래인 북한에 군사 지원을 요청한다면 전대미문의 사건이 될 것”이라며 “북러 관계는 북한에 유리해진 새로운 단계로 진입한다”고 밝혔다.이어 “중국과 러시아 관계도 미묘해질 수 있다”며 “북한의 후견인 역할을 자임했던 중국은 북한과 러시아의 급속한 접근에 신경질적으로 될 수도 있으며 북중러를 하나의 진영으로 묶게 된다면 대미 관계를 포함한 중국의 세계 전략에 마이너스가 된다”고 전망했다.2019년 4월 김정은과 푸틴 회담 - 김정은 북한 국무위원장과 블라디미르 푸틴 러시아 대통령이 2019년 블라디보스토크에서 회담을 하기 앞서 기념사진을 찍고 있다. 연합뉴스,도쿄 김진아 특파원
MBC,"미 상무부 부장관 방한‥""대러 수출 통제 공조""",2023.09.13. 오후 12:04,"[정오뉴스]◀ 앵커 ▶러시아가 대북 제재 무력화 의지를 밝힌 것과 관련해 미국 정부는 ""불가능""하다고 반박했습니다.미 상무부 부장관이 러시아에 대한 수출 통제를 강화하기 위해 다음 주 우리나라를 방문합니다.워싱턴에서 왕종명 특파원이 보도합니다.◀ 리포트 ▶어제는 ""러시아가 국제적 왕따 북한에게 무기를 구걸하고 있다""고 조롱했던 미국 정부가 무기 거래 시 그 책임을 묻기 위한 조치를 취할 거라고 거듭 경고했습니다.이미 러시아의 전쟁을 지원하는 단체나 국가를 상대로 공격적인 제재를 집행해 왔다면서 새로운 제재를 부과하는데 주저하지 않을 거라고 했습니다.그러면서 러시아가 유엔의 대북 제재를 무력화 하겠다는 의지를 밝힌 걸 두고 러시아 혼자 힘으로는 불가능할 거라고 일축했습니다.상무부는 대 러시아 수출 통제를 통한 압박을 강화하기로 했습니다.돈 그레이브스 상무부 부장관은 다음 주 한국과 일본을 방문해 대 러시아 수출 통제 공조 방안을 논의할 거라고 밝혔습니다.[돈 그레이브스/미국 상무부 부장관]""우리의 국가 안보를 위협하거나 훼손하고 인권을 침해하는 국가들이 무기와 기술을 획득하는 것을 계속 방지해야 합니다.""상무부가 북러 무기 거래와 직접 관련은 없지만 동맹과 공조해 러시아가 군사용으로 전용할 수 있는 민간용 물자로 수출 통제를 확대하고 지금의 수출 통제를 비켜가는 전략을 막아내기 위한 추가 조치를 세우겠다는 겁니다.문제는 미국 정부의 추가 제재가 얼마나 타격을 줄 수 있겠냐는 겁니다.관련해서 북러를 응원하는 중국의 한 관영 매체는 북러가 대놓고 결속하는 이유가 바로 미국 정부의 제재를 통한 고립화 전략 탓이라고 분석했습니다.워싱턴에서 MBC뉴스 왕종명입니다.MBC 뉴스는 24시간 여러분의 제보를 기다립니다. ▷ 전화 02-784-4000▷ 이메일 mbcjebo@mbc.co.kr▷ 카카오톡 @mbc제보",왕종명(pilsahoi@mbc.co.kr)
YTN,"구글 반독점 소송 개시 ""13조 원 들여 경쟁자 차단""",2023.09.13. 오전 3:51,"			미국 법무부가 미국 검색엔진 시장의 90%를 장악한 구글이 반독점법을 위반했다며 제기한 소송이 워싱턴DC 연방법원에서 시작됐습니다.법무부는 첫 재판에서 구글이 기본 검색엔진 자리를 유지하기 위해 매년 100억 달러, 우리 돈 13조 원을 사용하고 있다며 구글이 경쟁자를 차단하기 위해 독점권을 남용해 왔다고 강조했습니다.법무부는 구글이 휴대전화와 웹브라우저에서 기본 검색엔진으로 설정되는 대가로 스마트폰 제조사와 무선사업자들에게 거액의 돈을 지불하고 있다고 주장해 왔습니다.이번 소송은 윈도의 브라우저 독점 소송 이후 20년 만에 빅테크를 상대로 한 최대 규모 반독점 소송이라는 점에서 주목받고 있습니다.법원이 정부 손을 들어줄 경우 구글이 사업 일부를 매각하거나 문제가 된 사업 관행을 중단해야 하며 일부에선 기업 해체 가능성까지 거론되고 있습니다.※ '당신의 제보가 뉴스가 됩니다'[카카오톡] YTN 검색해 채널 추가[전화] 02-398-8585[메일] social@ytn.co.kr		",권준기(jkwon@ytn.co.kr)
아시아경제,"中, 아이폰15 출시에도 시큰둥…""큰 변화 없다""",2023.09.13. 오전 11:06,"			애플의 최신 기종 스마트폰인 '아이폰15'가 출시된 가운데, 중국 소비자들은 시큰둥한 반응을 보이고 있다. 과거 출시와 동시에 포털 사이트 인기 검색어에 오르고, 상품 분석 라이브 방송이 쏟아지던 것과는 달리 크게 화제를 모으지 못하는 모습이다. 최근 화웨이의 '메이트60프로' 출시 이후 고조된 애국 소비 열풍과 대조적이다. 13일 중국 현지 최대 포털 사이트인 바이두와 사회관계망서비스(SNS) 웨이보에 따르면 아이폰15 출시 소식은 중국에서 크게 주목받지 못하고 있다. 앞선 아이폰14의 경우 출시 전날부터 검색어 상위에 오르며 이목을 끌고, 출시 현장을 생중계하는 라이브 방송 동시 접속자가 폭발하며 화제를 모았었다. 그러나 중국 시각 기준 오전 9시 30분 현재 포털 사이트와 SNS 인기 검색어나 인기 게시글 등에서 아이폰 관련 내용을 찾아볼 수 없다. 아이폰15는 중국에서 이날 새벽 1시 공개된 바 있다.[이미지출처=AFP연합뉴스]현지에서는 라이트닝 단자가 USB-C형 충전 단자로 바뀌었고, 티타늄 소재로 가벼워졌다는 소개 보도가 이어졌다. 그러나 이전 모델과 비교해 그다지 변화가 없고, 예상했던 수준에서 벗어나지 않는다는 시큰둥한 반응도 있다. 중국 매체인 텅쉰망은 ""놀랄 만한 부분이 없고, 변화가 없다""면서 ""기존에 노출됐던 정보 그대로""라고 평가했다. 발표회가 회를 거듭할수록 짧아지고 있다는 점도 지적했다. 텅쉰망은 ""과거와 비교해 콘퍼런스가 짧아지고 있다는 것은, 애플이 사용자들에게 선보일 콘텐츠가 많지 않다는 느낌""이라고 진단했다.중국에서의 시큰둥한 반응은 최근 화웨이의 메이트60프로 출시 이후 소비 시장에서 강화된 애국 소비의 일환으로도 보인다. 중국 최대 통신장비업체 화웨이는 최근 7nm(나노미터·10억분의 1m) 공정 프로세서가 내장된 신형 프리미엄 스마트폰 메이트60 프로를 출시했다. 중국 현지에서는 화웨이가 미국의 대중 반도체 수출 통제를 무력화하며 기술 자립에 성공했다고 평가하는 분위기다.화웨이가 소량씩 분할해 시장에 내놓고 있는 메이트60프로는 최근 매진행렬을 기록하며 호응을 얻고 있다. 주요 외신에 따르면 화웨이는 메이트60 시리즈의 하반기 출하량 목표를 20% 상향한 것으로 알려졌다. 이에 따라 화웨이의 올해 스마트폰 출하량은 최소 4000만대에 이를 것으로 전망된다.",베이징=김현정 특파원 alphag@asiae.co.kr
